Element ID,RefElementID,Template Unit,ParentTaxonomy,IsActive,IsSegment,,Unit Factor,,Weight,,GXbrleleID,XbrlEleID,GXbrlTaxonomy,CoXbrlTaxonomy,TransformID,DivID,FormID,IsHidden,CyCalcType,ElementType,DataType,PeriodType,Currency,Symbol,Unit,Description,Q1 15,Q2 15,Q3 15,Q4 15,FY 15,Q1 16,Q2 16,Q3 16,Q4 16,FY 16,Q1 17,Q2 17,Q3 17,Q4 17,FY 17,Q1 18,Q2 18,Q3 18,Q4 18,FY 18,Q1 19,Q2 19,Q3 19,Q4 19,FY 19,Q1 20,YTD Q1 15,YTD Q2 15,YTD Q3 15,YTD Q4 15,YTD Q1 16,YTD Q2 16,YTD Q3 16,YTD Q4 16,YTD Q1 17,YTD Q2 17,YTD Q3 17,YTD Q4 17,YTD Q1 18,YTD Q2 18,YTD Q3 18,YTD Q4 18,YTD Q1 19,YTD Q2 19,YTD Q3 19,YTD Q4 19,YTD Q1 20,H1 15,H2 15,H1 16,H2 16,H1 17,H2 17,H1 18,H2 18,H1 19,H2 19
,Other ElementID,Geography group,Parent GXBRL ID,,,,,,,,GXBRL ID,,,,,,,,,,,,,,,Period End Date,04-30-2014,07-31-2014,10-31-2014,01-31-2015,01-31-2015,04-30-2015,07-31-2015,10-31-2015,01-31-2016,01-31-2016,04-30-2016,07-31-2016,10-31-2016,01-31-2017,01-31-2017,04-30-2017,07-31-2017,10-31-2017,01-31-2018,01-31-2018,04-30-2018,07-31-2018,10-31-2018,01-31-2019,01-31-2019,04-30-2019,04-30-2014,07-31-2014,10-31-2014,01-31-2015,04-30-2015,07-31-2015,10-31-2015,01-31-2016,04-30-2016,07-31-2016,10-31-2016,01-31-2017,04-30-2017,07-31-2017,10-31-2017,01-31-2018,04-30-2018,07-31-2018,10-31-2018,01-31-2019,04-30-2019,07-31-2014,01-31-2015,07-31-2015,01-31-2016,07-31-2016,01-31-2017,07-31-2017,01-31-2018,07-31-2018,01-31-2019
,,,,,,,,,,,,,,,,,,,,,,,,,,Latest Filing Date,05-30-2014,08-26-2014,11-26-2014,03-06-2015,03-06-2015,05-22-2015,08-25-2015,11-20-2015,03-07-2016,03-07-2016,05-20-2016,09-01-2016,11-21-2016,03-06-2017,03-06-2017,05-22-2017,08-25-2017,11-22-2017,03-09-2018,03-09-2018,05-31-2018,08-31-2018,11-28-2018,03-08-2019,03-08-2019,06-05-2019,05-30-2014,08-26-2014,11-26-2014,03-06-2015,05-22-2015,08-25-2015,11-20-2015,03-07-2016,05-20-2016,09-01-2016,11-21-2016,03-06-2017,05-22-2017,08-25-2017,11-22-2017,03-09-2018,05-31-2018,08-31-2018,11-28-2018,03-08-2019,06-05-2019,08-26-2014,03-06-2015,08-25-2015,03-07-2016,09-01-2016,03-06-2017,08-25-2017,03-09-2018,08-31-2018,03-08-2019
,,,,1,,,,,,,160,,global_IncomeStatement,virtua_14749172238,,,2,,,,Abstract,,,$,,Income Statement,,,,,,,,,,,,,,,,,,,,,,,,,,,,,,,,,,,,,,,,,,,,,,,,,,,,,,,,,
,,,173,1,,,1,,1,,176,,global_ProductRevenue,virtua_14749172249,,,2,,,,Monetary,Duration,USD,$,Million,Product Revenue,1147.31,1232.59,1288.51,1345.36,5013.76,1405.29,1521.32,1596.33,1682.66,6205.6,1775.49,1886.08,1983.98,2110.65,7799,2209,2383,2506,2668,9766,2810,3060,3168,3375,12413,3496,1147.31,2379.89,3668.41,5013.76,1405.29,2926.61,4522.94,6205.6,1775.49,3661.57,5645.55,7799,2209,4592,7098,9766,2810,5870,9038,12413,3496,0,0,0,0,0,0,0,0,0,0
,,,173,1,,,1,,1,,177,,global_ServiceRevenue,virtua_14749172258,,,2,,,,Monetary,Duration,USD,$,Million,Service Revenue,79.47,85.96,95.14,99.25,359.82,105.88,113.37,115.63,126.74,461.62,141.11,150.54,160.79,183.34,638,188,194,195,197,774,196,221,224,228,869,241,79.47,165.43,260.57,359.82,105.88,219.25,334.88,461.62,141.11,291.65,452.44,638,188,382,577,774,196,417,641,869,241,0,0,0,0,0,0,0,0,0,0
,,,173,1,,,,,1,,182,,global_OtherRevenue,virtua_14749172268,,,2,,,,Monetary,Duration,USD,$,Million,Other Revenue,,,,,,,,,,,,,,,,,,,,,,,,,,,,,,,,,,,,,,,,,,,,,,,,,,,,,,,,,
,,,,1,,,,,1,,173,,global_TotalRevenue,virtua_14749172278,,,2,,,,Monetary,Duration,USD,$,Million,Total Revenue,1226.77,1318.55,1383.66,1444.61,5373.59,1511.17,1634.68,1711.97,1809.4,6667.22,1916.6,2036.62,2144.78,2293.99,8437,2397,2577,2701,2865,10540,3006,3281,3392,3603,13282,3737,1226.77,2545.32,3928.98,5373.59,1511.17,3145.85,4857.82,6667.22,1916.6,3953.22,6098,8437,2397,4974,7675,10540,3006,6287,9679,13282,3737,0,0,0,0,0,0,0,0,0,
,,,174,1,,,1,,1,,185,,global_CostofProduct,virtua_14749172289,,,2,,,,Monetary,Duration,USD,$,Million,Cost of Product,208.95,218.92,238.75,258.03,924.64,274.24,292.74,303.05,318.94,1241.69,351.1,376.46,426.49,463.27,1617,463,494,528,548,2033,573,638,676,717,2604,678,208.95,427.87,666.61,924.64,274.24,566.98,870.02,1241.69,351.1,727.56,1154.04,1617,463,957,1485,2033,573,1211,1887,2604,678,0,0,0,0,0,0,0,0,0,0
,,,174,1,,,1,,1,,186,,global_CostofService,virtua_14749172298,,,2,,,,Monetary,Duration,USD,$,Million,Cost of Service,83.36,88.91,94.47,97.9,364.63,107.56,112.65,120.64,124.74,412.86,145.88,149.12,159.04,162.69,617,188,176,186,190,740,194,211,213,229,847,236,83.36,172.27,266.74,364.63,107.56,220.21,340.85,412.86,145.88,295,454.04,617,188,364,550,740,194,405,618,847,236,0,0,0,0,0,0,0,0,0,0
,,,,1,,,,,1,,174,,global_TotalCOGS,virtua_147491722107,,,2,,,,Monetary,Duration,USD,$,Million,Total COGS,292.31,307.83,333.21,355.92,1289.27,381.8,405.38,423.68,443.68,1654.55,496.98,525.58,585.52,625.96,2234,651,670,714,738,2773,767,849,889,946,3451,914,292.31,600.14,933.35,1289.27,381.8,787.19,1210.87,1654.55,496.98,1022.56,1608.08,2234,651,1321,2035,2773,767,1616,2505,3451,914,0,0,,,,,,,,
,,,,1,,,,,1,,175,,global_GrossProfit,virtua_147491722117,,,2,,,,Monetary,Duration,USD,$,Million,Gross Profit,934.47,1010.72,1050.44,1088.69,4084.32,1129.37,1229.3,1288.28,1365.72,5012.67,1419.62,1511.04,1559.25,1668.03,6203,1746,1907,1987,2127,7767,2239,2432,2503,2657,9831,2823,934.47,1945.19,2995.63,4084.32,1129.37,2358.67,3646.95,5012.67,1419.62,2930.66,4489.91,6203,1746,3653,5640,7767,2239,4671,7174,9831,2823,0,0,,,,,,,,
,,,191,1,,,1,,1,,189,,global_SellingandMarketing,virtua_147491722127,,,2,,,,Monetary,Duration,USD,$,Million,Selling and Marketing,639.36,671.96,709.64,736.14,2757.1,736.94,793.69,818.82,890.38,3239.82,895.86,934.93,997.99,1089.24,3811,1106,1153,1167,1245,4671,1329,1504,1588,1643,6064,1697,639.36,1311.31,2020.96,2757.1,736.94,1530.63,2349.45,3239.82,895.86,1830.79,2828.78,3811,1106,2259,3426,4671,1329,2833,4421,6064,1697,0,0,,,,,,,,
,,,191,1,,,1,,1,,190,,global_GeneralandAdministration,virtua_147491722135,,,2,,,,Monetary,Duration,USD,$,Million,General and Administration,162.1,169.09,167.38,181.37,679.94,175.81,181.69,186.82,203.92,748.24,210.81,252.05,246.77,257.94,966,260,283,271,275,1089,295,350,342,359,1346,362,162.1,331.18,498.57,679.94,175.81,357.5,544.31,748.24,210.81,462.86,709.62,966,260,543,814,1089,295,645,987,1346,362,0,0,,,,,,,,
,,,169,1,,,,,1,,191,,global_SellingGeneral&Administration,virtua_147491722143,,,2,,,,Monetary,Duration,USD,$,Million,"Selling, General & Administration",801.45,841.05,877.03,917.51,3437.03,912.75,975.38,1005.64,1094.3,3988.06,1106.67,1186.98,1244.76,1347.18,4777,1366,1436,1438,1520,5760,1624,1854,1930,2002,7410,2059,801.45,1642.5,2519.52,3437.03,912.75,1888.13,2893.76,3988.06,1106.67,2293.65,3538.41,4777,1366,2802,4240,5760,1624,3478,5408,7410,2059,0,0,,,,,,,,
,,,169,1,,,1,,1,,192,,global_Research&Development,virtua_147491722151,,,2,,,,Monetary,Duration,USD,$,Million,Research & Development,188.36,203.11,195.46,205.99,792.92,222.13,234.1,239.21,250.86,946.3,260.97,291.51,311.46,344.19,1208,376,387,394,396,1553,424,463,481,518,1886,554,188.36,391.47,586.93,792.92,222.13,456.23,695.44,946.3,260.97,552.48,863.94,1208,376,763,1157,1553,424,887,1368,1886,554,0,0,,,,,,,,
,,,169,1,,,,,1,,193,,global_Advertisingandsalespromotion,virtua_147491722159,,,2,,,,Monetary,Duration,USD,$,Million,Advertising and sales promotion,,,,,,,,,,,,,,,,,,,,,,,,,,,,,,,,,,,,,,,,,,,,,,,,,,,,,,,,,
,,,169,1,,,,,1,,194,,global_LicenseFeesandRoyalties,virtua_147491722167,,,2,,,,Monetary,Duration,USD,$,Million,License Fees and Royalties,,,,,,,,,,,,,,,,,,,,,,,,,,,,,,,,,,,,,,,,,,,,,,,,,,,,,,,,,
,,,169,1,,,1,,1,,195,,global_DepericationandAmortization,virtua_147491722175,,,2,,,,Monetary,Duration,USD,$,Million,Deperication and Amortization,110.81,107.6,111.95,117.94,448.3,127.93,131.68,134.24,131.91,525.75,132.77,149.36,169.35,180.52,632,185,192,188,188,753,197,236,256,273,962,437,110.81,218.4,330.36,448.3,127.93,259.6,393.84,525.75,132.77,282.13,451.48,632,185,377,565,753,197,433,689,962,437,0,0,,,,,,,,
,,,169,1,,,,,1,,196,,global_ImparimentofLong-LivedAssets,virtua_147491722183,,,2,,,,Monetary,Duration,USD,$,Million,Impariment of Long-Lived Assets,,,,,,,,,,,,,,,,,,,,,,,,,,,,,,,,,,,,,,,,,,,,,,,,,,,,,,,,,
,,,169,1,,,,,1,,197,,global_GainandSaleofAssets,virtua_147491722191,,,2,,,,Monetary,Duration,USD,$,Million,Gain and Sale of Assets,,,,,,,,,,,,,,,,,,,,,,,,,,,,,,,,,,,,,,,,,,,,,,,,,,,,,,,,,
,,,169,1,,,,,1,,198,,global_GainandSaleofBusinessDivestitures,virtua_147491722199,,,2,,,,Monetary,Duration,USD,$,Million,Gain and Sale of Business(Divestitures),,,,,,,,,,,,,,,,,,,,,,,,,,,,,,,,,,,,,,,,,,,,,,,,,,,,,,,,,
,,,169,1,,,,,1,,199,,global_RestructringRelatedExp,virtua_147491722208,,,2,,,,Monetary,Duration,USD,$,Million,Restructring Related Exp,,,,,,,,,,,,,,,,,,,,,,,,,,,,,,,,,,,,,,,,,,,,,,,,,,,,,,,,,
,,,169,1,,,1,,1,,200,,global_OtherOperatingExpenses,virtua_147491722216,,,2,,,,Monetary,Duration,USD,$,Million,Other Operating Expenses,0,0,0,0,0, (36.62),0,0,0, (36.62),0,0,0,0,0,0,0,0,0,0,0,0,0,0,0,0,0,0,0,0, (36.62), (36.62), (36.62), (36.62),0,0,0,0,0,0,0,0,0,0,0,0,0,0,0,,,,,,,,
,,,,1,,,,,1,,169,,global_OperatingExpenses,virtua_147491722224,,,2,,,,Monetary,Duration,USD,$,Million,Operating Expenses,989.81,1044.15,1072.49,1123.5,4229.95,1098.26,1209.48,1244.85,1345.16,4897.75,1367.64,1478.49,1556.22,1691.38,5985,1742,1823,1832,1916,7313,2048,2317,2411,2520,9296,2613,989.81,2033.96,3106.45,4229.95,1098.26,2307.74,3552.59,4897.75,1367.64,2846.12,4402.34,5985,1742,3565,5397,7313,2048,4365,6776,9296,2613,0,0,,,,,,,,
,,,,1,,,,,1,,170,,global_OperatingIncome,virtua_147491722232,,,2,,,,Monetary,Duration,USD,$,Million,Operating Income, (55.34), (33.43), (22.04), (34.82), (145.63),31.1,19.82,43.43,20.56,114.92,51.99,32.55,3.04, (23.35),218,4,84,155,211,454,191,115,92,137,535,210, (55.34), (88.78), (110.82), (145.63),31.1,50.93,94.36,114.92,51.99,84.54,87.57,218,4,88,243,454,191,306,398,535,210,0,0,,,,,,,,
,,,,1,,,,,1,,171,,global_EBITDA,virtua_147491722240,,,2,,,,Monetary,Duration,USD,$,Million,EBITDA,55.47,74.16,89.91,83.12,302.66,159.03,151.5,177.67,152.47,640.67,184.76,181.91,172.38,157.18,850,189,276,343,399,1207,388,351,348,410,1497,647,55.47,129.63,219.54,302.66,159.03,310.53,488.2,640.67,184.76,366.67,539.05,850,189,465,808,1207,388,739,1087,1497,647,0,0,,,,,,,,
,,,,1,,,,,1,,172,,global_AdjustedEBITDA,virtua_147491722248,,,2,,,,Monetary,Duration,USD,$,Million,Adjusted EBITDA,,,,,,,,,,,,,,,,,,,,,,,,,,,,,,,,,,,,,,,,,,,,,,,,,,,,,,,,,
,,,203,1,,,1,, (1.00),,201,,global_InterestExpenses,virtua_147491722256,,,2,,,,Monetary,Duration,USD,$,Million,Interest Expenses,20.36,18.31,17.68,16.88,73.24,16.68,18.1,18.25,19.47,72.49,22.01,20.71,21.95,24.32,89,22,22,21,22,87,0,39,40,41,154,0,20.36,38.67,56.36,73.24,16.68,34.77,53.02,72.49,22.01,42.72,64.67,89,22,44,65,87,0,73,113,154,0,0,0,,,,,,,,
,,,203,1,,,,,1,,202,,global_InterestIncome,virtua_147491722264,,,2,,,,Monetary,Duration,USD,$,Million,Interest Income,,,,,,,,,,,,,,,,,,,,,,,,,,,,,,,,,,,,,,,,,,,,,,,,,,,,,,,,,
,,,207,1,,,,,1,,203,,global_TotalInterestExpIncNet,virtua_147491722272,,,2,,,,Monetary,Duration,USD,$,Million,"Total Interest Exp/(Inc), Net",20.36,18.31,17.68,16.88,73.24,16.68,18.1,18.25,19.47,72.49,22.01,20.71,21.95,24.32,89,22,22,21,22,87,0,39,40,41,154,0,20.36,38.67,56.36,73.24,16.68,34.77,53.02,72.49,22.01,42.72,64.67,89,22,44,65,87,0,73,113,154,0,0,0,,,,,,,,
,,,207,1,,,1,, (1.00),,204,,global_GainandSaleofAssetsNonOperatingIncome,virtua_147491722280,,,2,,,,Monetary,Duration,USD,$,Million,"Gain and Sale of Assets, Non Operating Income",0,0, (15.63),0, (15.63),0,0, (21.79),0, (21.79), (12.86),0, (0.83),0, (31.00), (3.00),8, (1.00), (23.00), (19.00), (211.00), (143.00), (63.00), (125.00), (542.00), (281.00),0,0, (15.63), (15.63),0,0, (21.79), (21.79), (12.86), (12.86), (13.70), (31.00), (3.00),5,4, (19.00), (211.00), (354.00), (417.00), (542.00), (281.00),0,0,0,0,0,0,,,,
,,,207,1,,,,,1,,205,,global_GainandSaleofBusinessDivestituresNonOperatingIncome,virtua_147491722289,,,2,,,,Monetary,Duration,USD,$,Million,"Gain and Sale of Business(Divestitures), Non Operating Income",,,,,,,,,,,,,,,,,,,,,,,,,,,,,,,,,,,,,,,,,,,,,,,,,,,,,,,,,
,,,207,1,,,1,, (1.00),,206,,global_OtherNonOperatingExpInc,virtua_147491722297,,,2,,,,Monetary,Duration,USD,$,Million,Other Non Operating Exp/(Inc),9.07,1.22, (2.25),1.8,9.84, (3.64), (5.23),3.59,5.24, (0.05),5.68, (12.44), (5.49), (24.20), (19.00), (5.00), (9.00), (11.00), (9.00), (34.00),17, (12.00), (13.00), (18.00), (60.00),9,9.07,10.29,8.04,9.84, (3.64), (8.87), (5.29), (0.05),5.68, (6.76), (12.25), (19.00), (5.00), (14.00), (25.00), (34.00),17, (29.00), (42.00), (60.00),9,0,0,0,0,0,,,,,
,,,,1,,,,,1,,207,,global_TotalNonOperatingExpInc,virtua_147491722305,,,2,,,,Monetary,Duration,USD,$,Million,Total Non Operating Exp/(Inc),29.43,19.54, (0.19),18.68,67.45,13.03,12.87,0.04,24.7,50.64,14.83,8.27,15.62,0.12,39,14,21,9, (10.00),34, (194.00), (116.00), (36.00), (102.00), (448.00), (272.00),29.43,48.96,48.77,67.45,13.03,25.9,25.94,50.64,14.83,23.1,38.72,39,14,35,44,34, (194.00), (310.00), (346.00), (448.00), (272.00),0,0,,,,,,,,
,,,,1,,,,,1,,208,,global_EquityinearningsofunconsolidatedaffiliatesJV,virtua_147491722314,,,2,,,,Monetary,Duration,USD,$,Million,Equity in earnings of unconsolidated affiliates/JV,,,,,,,,,,,,,,,,,,,,,,,,,,,,,,,,,,,,,,,,,,,,,,,,,,,,,,,,,
,,,,1,,,,,1,,168,,global_IncomeBeforeIncomeTaxes,virtua_147491722322,,,2,,,,Monetary,Duration,USD,$,Million,Income Before Income Taxes, (84.77), (52.97), (21.85), (53.50), (213.09),18.07,6.96,43.39, (4.14),64.28,37.16,24.28, (12.59), (23.47),179, (10.00),63,146,221,420,385,231,128,239,983,482, (84.77), (137.74), (159.59), (213.09),18.07,25.03,68.42,64.28,37.16,61.44,48.85,179, (10.00),53,199,420,385,616,744,983,482,0,0,,,,,,,,
,,,211,1,,,1,, (1.00),,209,,global_CurrentIncomeTax,virtua_147491722330,,,2,,,,Monetary,Duration,USD,$,Million,Current Income Tax,12.14,8.12,17.08,12.27,49.6,13.98,7.81,68.55,21.37,111.71, (1.60), (205.34),24.72,27.97, (144.00), (11.00),17,39,15,60,41, (68.00),23, (123.00), (127.00),90,12.14,20.26,37.34,49.6,13.98,21.79,90.34,111.71, (1.60), (206.94), (182.22), (144.00), (11.00),6,45,60,41, (27.00), (4.00), (127.00),90,49.6,13.98,,,,,,,,
,,,211,1,,,,,1,,210,,global_DeferredIncomeTax,virtua_147491722338,,,2,,,,Monetary,Duration,USD,$,Million,Deferred Income Tax,,,,,,,,,,,,,,,,,,,,,,,,,,,,,,,,,,,,,,,,,,,,,,,,,,,,,,,,,
,,,,1,,,,,1,,211,,global_ProvisionofIncomeTaxes,virtua_147491722346,,,2,,,,Monetary,Duration,USD,$,Million,Provision of Income Taxes,12.14,8.12,17.08,12.27,49.6,13.98,7.81,68.55,21.37,111.71, (1.60), (205.34),24.72,27.97, (144.00), (11.00),17,39,15,60,41, (68.00),23, (123.00), (127.00),90,12.14,20.26,37.34,49.6,13.98,21.79,90.34,111.71, (1.60), (206.94), (182.22), (144.00), (11.00),6,45,60,41, (27.00), (4.00), (127.00),90,49.6,13.98,,,,,,,,
,,,,1,,,,,1,,216,,global_TaxRate%,virtua_147491722356,,,2,,,,Percentage,Instance,,$,Actual,Tax Rate %, (14.32%), (15.33%), (78.15%), (22.93%), (23.28%),77.36%,112.24%,157.98%, (515.71%),173.78%, (4.32%), (845.61%), (196.43%), (119.18%), (80.45%),110.00%,26.98%,26.71%,6.79%,14.29%,10.65%, (29.44%),17.97%, (51.46%), (12.92%),18.67%, (14.32%), (14.71%), (23.40%), (23.28%),77.36%,87.06%,132.03%,173.78%, (4.32%), (336.83%), (373.00%), (80.45%),110.00%,11.32%,22.61%,14.29%,10.65%, (4.38%), (0.54%), (12.92%),18.67%,#DIV/0!,#DIV/0!,,,,,,,,
,,,,1,,,,,1,,167,,global_NetIncomefromContinuingOperations,virtua_147491722366,,,2,,,,Monetary,Duration,USD,$,Million,Net Income from Continuing Operations, (96.91), (61.09), (38.92), (65.77), (262.69),4.09, (0.85), (25.16), (25.51), (47.43),38.76,229.62, (37.31), (51.44),323,1,46,107,206,360,344,299,105,362,1110,392, (96.91), (158.00), (196.92), (262.69),4.09,3.24, (21.92), (47.43),38.76,268.38,231.07,323,1,47,154,360,344,643,748,1110,392, (49.60), (13.98),,,,,,,,
,,,,1,,,,,1,,212,,global_GainLossfromDiscontinuedOperations,virtua_147491722376,,,2,,,,Monetary,Duration,USD,$,Million,Gain/(Loss) from Discontinued Operations,,,,,,,,,,,,,,,,,,,,,,,,,,,,,,,,,,,,,,,,,,,,,,,,,,,,,,,,,
,,,,1,,,,,1,,213,,global_EquityinearningsofunconsolidatedaffiliatesJV,virtua_147491722386,,,2,,,,Monetary,Duration,USD,$,Million,Equity in earnings of unconsolidated affiliates/JV,,,,,,,,,,,,,,,,,,,,,,,,,,,,,,,,,,,,,,,,,,,,,,,,,,,,,,,,,
,,,,1,,,,,1,,214,,global_NetincomeattributabletoNon-ControllingInterest,virtua_147491722394,,,2,,,,Monetary,Duration,USD,$,Million,Net income attributable to Non-Controlling Interest,,,,,,,,,,,,,,,,,,,,,,,,,,,,,,,,,,,,,,,,,,,,,,,,,,,,,,,,,
,,,,1,,,,,1,,215,,global_Netincomeattributabletoparticipatingsecurities,virtua_147491722402,,,2,,,,Monetary,Duration,USD,$,Million,Net income attributable to participating securities,,,,,,,,,,,,,,,,,,,,,,,,,,,,,,,,,,,,,,,,,,,,,,,,,,,,,,,,,
,,,,1,,,,,1,,166,,global_NetincomeavailabletoCommonShareHolder,virtua_147491722410,,,2,,,,Monetary,Duration,USD,$,Million,Net income available to Common ShareHolder, (96.91), (61.09), (38.92), (65.77), (262.69),4.09, (0.85), (25.16), (25.51), (47.43),38.76,229.62, (37.31), (51.44),323,1,46,107,206,360,344,299,105,362,1110,392, (96.91), (158.00), (196.92), (262.69),4.09,3.24, (21.92), (47.43),38.76,268.38,231.07,323,1,47,154,360,344,643,748,1110,392, (49.60), (13.98),,,,,,,,
,,,,1,,,,,1,,161,,global_BasicEPS,virtua_147491722418,,,2,,,,PerShare,Duration,USD,$,Actual,Basic EPS, (0.16), (0.10), (0.06), (0.10), (0.42),0.01, (0.00), (0.04), (0.04), (0.07),0.06,0.34, (0.05), (0.07),0.47,0,0.06,0.15,0.28,0.5,0.47,0.4,0.14,0.47,1.48,0.51, (0.16), (0.26), (0.32), (0.42),0.01,0, (0.03), (0.07),0.06,0.4,0.34,0.47,0,0.07,0.22,0.5,0.47,0.87,1,1.48,0.51,#DIV/0!,#DIV/0!,,,,,,,,
,,,,1,,,,,1,,162,,global_DilutedEPS,virtua_147491722426,,,2,,,,PerShare,Duration,USD,$,Actual,Diluted EPS, (0.16), (0.10), (0.06), (0.10), (0.42),0.01, (0.00), (0.04), (0.04), (0.07),0.06,0.33, (0.05), (0.07),0.46,0,0.06,0.14,0.28,0.49,0.46,0.39,0.13,0.46,1.43,0.49, (0.16), (0.26), (0.32), (0.42),0.01,0, (0.03), (0.07),0.06,0.39,0.33,0.46,0,0.06,0.21,0.49,0.46,0.84,0.97,1.43,0.49,#DIV/0!,#DIV/0!,,,,,,,,
,,,,1,,,1,,1,,163,,global_BasicShares,virtua_147491722434,,,2,,,,Shares,Instance,USD,$,Million,Basic Shares,612.51,617.02,629.55,637.22,624.15,653.81,659.37,664.13,669.03,661.65,677.51,681.13,690.47,700.99,688,706,712,717,724,715,729,747,760,766,751,771,612.51,614.8,619.75,624.15,653.81,656.64,659.16,661.65,677.51,678.93,683.08,688,706,709,712,715,729,737,746,751,771,0,0,,,,,,,,
,,,,1,,,1,,1,,164,,global_DilutedShares,virtua_147491722443,,,2,,,,Shares,Instance,USD,$,Million,Diluted Shares,612.51,617.02,629.55,637.22,624.15,664.31,659.37,664.13,669.03,661.65,686.8,695.97,690.47,700.99,700,722,729,738,749,735,754,774,785,786,775,793,612.51,614.8,619.75,624.15,664.31,672.23,659.16,661.65,686.8,691.71,696.26,700,722,726,730,735,754,763,772,775,793,0,0,,,,,,,,
,,,,1,,,,,1,,165,,global_DividendPerShare,virtua_147491722451,,,2,,,,PerShare,Duration,USD,$,Actual,Dividend Per Share,,,,,,,,,,,,,,,,,,,,,,,,,,,,,,,,,,,,,,,,,,,,,,,,,,,,,,,,,
,,,,1,,,,,,,1,,global_BalanceSheet,virtua_147491722459,,,1,,,,Abstract,,,$,,Balance Sheet,,,,,,,,,,,,,,,,,,,,,,,,,,,,,,,,,,,,,,,,,,,,,,,,,,,,,,,,,
,,,,1,,,,,,,2,,global_Assets,virtua_147491722468,,,1,,,,Abstract,,,$,,Assets,,,,,,,,,,,,,,,,,,,,,,,,,,,,,,,,,,,,,,,,,,,,,,,,,,,,,,,,,
,,,14,1,,,1,,1,,64,,global_CashAndCashEquivalents,virtua_147491722476,,,1,,,,Monetary,Instance,USD,$,Million,Cash And Cash Equivalents,827.89,774.73,846.33,908.12,908.12,941.96,1089.35,1223.32,1158.36,1158.36,1799.08,1115.23,1145.74,1606.55,1606.55,2024.9,1949.11,2071.84,2543,2543,5922,2319,2105,2669,2669,4110,0,0,0,0,0,0,0,0,0,0,0,0,0,0,0,0,0,0,0,0,0,0,0,,,,,,,,
,,,14,1,,,1,,1,,65,,global_RestrictedCash,virtua_147491722485,,,1,,,,Monetary,Instance,USD,$,Million,Restricted Cash,0,0,114.94,0,0,0,0,0,0,0,0,0,0,0,0,0,0,0,0,0,0,0,0,0,0,0,0,0,0,0,0,0,0,0,0,0,0,0,0,0,0,0,0,0,0,0,0,0,0,,,,,,,,
,,,14,1,,,0.001,,1,,66,,global_Short-terminvestments,virtua_147491722493,,,1,,,,Monetary,Instance,USD,$,Million,Short-term investments,,,,,,,,,,,,,,,,,,,,,,,,,,,,,,,,,,,,,,,,,,,,,,,,,,,,,,,,,
,,,7,1,,,,,1,,14,,global_CashandCashEquivalentsShortTermInvestments,virtua_147491722502,,,1,,,,Monetary,Instance,USD,$,Million,Cash and CashEquivalents Short Term Investments,827.89,774.73,961.26,908.12,908.12,941.96,1089.35,1223.32,1158.36,1158.36,1799.08,1115.23,1145.74,1606.55,1606.55,2024.9,1949.11,2071.84,2543,2543,5922,2319,2105,2669,2669,4110,0,0,0,0,0,0,0,0,0,0,0,0,0,0,0,0,0,0,0,0,0,0,0,,,,,,,,
,,,7,1,,,1,,1,,15,,global_MarketableSecuritiesCurrent,virtua_147491722510,,,1,,,,Monetary,Instance,USD,$,Million,MarketableSecuritiesCurrent,51.23,69.85,79.78,87.31,87.31,77.06,81.12,134.69,1567.01,1567.01,232.11,59.06,55.07,602.34,602.34,1194.65,1552.14,1556.83,1978,1978,1237,1108,1345,1673,1673,2269,0,0,0,0,0,0,0,0,0,0,0,0,0,0,0,0,0,0,0,0,0,0,0,0,,,,,,,
,,,7,1,,,1,,1,,16,,global_AccruedandPrepaidExpenses,virtua_147491722518,,,1,,,,Monetary,Instance,USD,$,Million,Accrued and Prepaid Expenses,313.61,296.36,287.61,245.03,245.03,310.98,330.29,311.91,250.59,250.59,306.63,543.85,281.59,279.53,279.53,447.65,438.25,469.95,471,471,562,726,700,629,629,717,0,0,0,0,0,0,0,0,0,0,0,0,0,0,0,0,0,0,0,0,0,0,0,0,,,,,,,
,,,7,1,,,1,,1,,17,,global_ReceivablesNet,virtua_147491722527,,,1,,,,Monetary,Instance,USD,$,Million,ReceivablesNet,684.16,834.32,794.59,1905.51,1905.51,926.38,1067.8,1060.73,2496.17,2496.17,1192.97,1323.11,1281.43,3196.64,3196.64,1439.88,1569.32,1519.92,3921,3921,1763,1980,2037,4924,4924,2153,0,0,0,0,0,0,0,0,0,0,0,0,0,0,0,0,0,0,0,0,0,0,0,0,,,,,,,
,,,7,1,,,,,1,,18,,global_InventoriesNet,virtua_147491722535,,,1,,,,Monetary,Instance,USD,$,Million,InventoriesNet,,,,,,,,,,,,,,,,,,,,,,,,,,,,,,,,,,,,,,,,,,,,,,,,,,,,,,,,,
,,,7,1,,,,,1,,19,,global_DerivativeInstrumentsAssets,virtua_147491722543,,,1,,,,Monetary,Instance,USD,$,Million,Derivative Instruments/Assets,,,,,,,,,,,,,,,,,,,,,,,,,,,,,,,,,,,,,,,,,,,,,,,,,,,,,,,,,
,,,7,1,,,,,1,,20,,global_IncomeTaxReceivable,virtua_147491722551,,,1,,,,Monetary,Instance,USD,$,Million,Income Tax Receivable,,,,,,,,,,,,,,,,,,,,,,,,,,,,,,,,,,,,,,,,,,,,,,,,,,,,,,,,,
,,,7,1,,,,,1,,21,,global_DeferredIncomeTaxes,virtua_147491722559,,,1,,,,Monetary,Instance,USD,$,Million,Deferred Income Taxes,,,,,,,,,,,,,,,,,,,,,,,,,,,,,,,,,,,,,,,,,,,,,,,,,,,,,,,,,
,,,7,1,,,,,1,,22,,global_DeferredRevenue,virtua_147491722567,,,1,,,,Monetary,Instance,USD,$,Million,Deferred Revenue,,,,,,,,,,,,,,,,,,,,,,,,,,,,,,,,,,,,,,,,,,,,,,,,,,,,,,,,,
,,,7,1,,,1,,1,,23,,global_DeferredAssetsCurrent,virtua_147491722575,,,1,,,,Monetary,Instance,USD,$,Million,Deferred Assets Current,162.49,169.25,172.72,225.39,225.39,208.1,211.31,208.13,259.19,259.19,243.89,236.75,237.73,311.77,311.77,297.42,302.53,327.64,0,0,0,0,0,0,0,0,0,0,0,0,0,0,0,0,0,0,0,0,0,0,0,0,0,0,0,0,0,0,0,,,,,,,,
,,,7,1,,,,,1,,24,,global_InterestReceivable,virtua_147491722584,,,1,,,,Monetary,Instance,USD,$,Million,Interest Receivable,,,,,,,,,,,,,,,,,,,,,,,,,,,,,,,,,,,,,,,,,,,,,,,,,,,,,,,,,
,,,7,1,,,1,,1,,25,,global_OtherCurrentAssets,virtua_147491722592,,,1,,,,Monetary,Instance,USD,$,Million,OtherCurrentAssets,0,0,0,0,0,0,0,0,0,0,0,0,0,0,0,0,0,0,671,671,667,669,683,788,788,786,0,0,0,0,0,0,0,0,0,0,0,0,0,0,0,0,0,0,0,0,0,0,0,0,0,0,0,0,0,0,
,,,7,1,,,,,1,,26,,global_CurrentPortionofBoardcastRights,virtua_147491722600,,,1,,,,Monetary,Instance,USD,$,Million,Current Portion of Boardcast Rights,,,,,,,,,,,,,,,,,,,,,,,,,,,,,,,,,,,,,,,,,,,,,,,,,,,,,,,,,
,,,7,1,,,1,,1,,27,,global_AssetsHeldforSale,virtua_147491722608,,,1,,,,Monetary,Instance,USD,$,Million,Assets Held for Sale,0,160.18,143.2,143.2,143.2,140.35,136.91,0,0,0,0,0,0,0,0,0,0,0,0,0,0,0,0,0,0,0,0,0,0,0,0,0,0,0,0,0,0,0,0,0,0,0,0,0,0,0,0,0,0,,,,,,,,
,,,4,1,,,,,1,,7,,global_CurrentAssets,virtua_147491722616,,,1,,,,Monetary,Instance,USD,$,Million,Current Assets,2039.38,2304.69,2439.16,3514.54,3514.54,2604.83,2916.79,2938.77,5731.32,5731.32,3774.67,3278,3001.55,5996.83,5996.83,5404.49,5811.34,5946.17,9584,9584,10151,6802,6870,10683,10683,10035,0,0,0,0,0,0,0,0,0,0,0,0,0,0,0,0,0,0,0,0,0,0,0,,,,,,,,
,,,28,1,,,1,,1,,67,,global_PropertyPlantEquipmentGross,virtua_147491722624,,,1,,,,Monetary,Instance,USD,$,Million,PropertyPlantEquipmentGross,1251,1189.93,1109.82,1125.87,1125.87,1737.09,1725.18,1742.14,1715.83,1715.83,1711.47,1728.24,1756.67,1787.53,1787.53,1846.41,1866.58,1864.89,1947,1947,1950,1986,1998,2051,2051,2243,0,0,0,0,0,0,0,0,0,0,0,0,0,0,0,0,0,0,0,0,0,,,,,,,,,,
,,,28,1,,,,,1,,68,,global_AccumulatedDepreciationAmortization,virtua_147491722632,,,1,,,,Monetary,Instance,USD,$,Million,AccumulatedDepreciationAmortization,,,,,,,,,,,,,,,,,,,,,,,,,,,,,,,,,,,,,,,,,,,,,,,,,,,,,,,,,
,,,6,1,,,,,1,,28,,global_PropertyPlantEquipmentNet,virtua_147491722641,,,1,,,,Monetary,Instance,USD,$,Million,PropertyPlantEquipmentNet,1251,1189.93,1109.82,1125.87,1125.87,1737.09,1725.18,1742.14,1715.83,1715.83,1711.47,1728.24,1756.67,1787.53,1787.53,1846.41,1866.58,1864.89,1947,1947,1950,1986,1998,2051,2051,2243,0,0,0,0,0,0,0,0,0,0,0,0,0,0,0,0,0,0,0,0,0,0,0,,,,,,,,
,,,6,1,,,1,,1,,29,,global_LongTermInvestments,virtua_147491722649,,,1,,,,Monetary,Instance,USD,$,Million,LongTermInvestments,650.76,827.18,901.17,1070.63,1070.63,903.46,1374.38,1440.11,520.72,520.72,2205.01,1093.92,1106.29,566.95,566.95,639.19,657.69,670.41,677,677,1024,1202,1251,1302,1302,1548,0,0,0,0,0,0,0,0,0,0,0,0,0,0,0,0,0,0,0,0,0,0,0,0,,,,,,,
,,,30,1,,,1,,1,,69,,global_IntangibleAssetsGross,virtua_147491722657,,,1,,,,Monetary,Instance,USD,$,Million,"Intangible Assets, Gross",455.82,449.5,448.09,433.4,433.4,421.32,414.04,397.01,613.07,613.07,407.03,626.21,637.88,1255.05,1255.05,1183.07,1106.59,1036.54,973,973,964,2121,2202,2618,2618,2471,0,0,0,0,0,0,0,0,0,0,0,0,0,0,0,0,0,0,0,0,0,0,0,0,0,0,0,,,,
,,,30,1,,,,,1,,70,,global_AccumulatedAmortization,virtua_147491722665,,,1,,,,Monetary,Instance,USD,$,Million,Accumulated Amortization,,,,,,,,,,,,,,,,,,,,,,,,,,,,,,,,,,,,,,,,,,,,,,,,,,,,,,,,,
,,,6,1,,,,,1,,30,,global_IntangibleAssetsNet,virtua_147491722673,,,1,,,,Monetary,Instance,USD,$,Million,"Intangible Assets, Net",455.82,449.5,448.09,433.4,433.4,421.32,414.04,397.01,613.07,613.07,407.03,626.21,637.88,1255.05,1255.05,1183.07,1106.59,1036.54,973,973,964,2121,2202,2618,2618,2471,0,0,0,0,0,0,0,0,0,0,0,0,0,0,0,0,0,0,0,0,0,0,0,,,,,,,,
,,,6,1,,,1,,1,,31,,global_Goodwill,virtua_147491722681,,,1,,,,Monetary,Instance,USD,$,Million,Goodwill,3500.82,3492.71,3782.57,3782.66,3782.66,3791.58,3804.29,3849.05,3849.94,3849.94,4129.66,6029.9,6617,7263.85,7263.85,7290.03,7294.38,7294.14,7314,7314,7444,12254,12848,12851,12851,12854,0,0,0,0,0,0,0,0,0,0,0,0,0,0,0,0,0,0,0,0,0,0,0,,,,,,,,
,,,6,1,,,1,,1,,32,,global_BoardcastRights,virtua_147491722689,,,1,,,,Monetary,Instance,USD,$,Million,Boardcast Rights,0,0,0,0,0,0,0,0,0,0,0,0,0,0,0,0,0,0,0,0,0,0,0,0,0,2854,,,,,,,,,,,,,,,,,,,,,,,,,,,,,,,
,,,6,1,,,,,1,,33,,global_SpectrumLicenses,virtua_147491722697,,,1,,,,Monetary,Instance,USD,$,Million,Spectrum Licenses,,,,,,,,,,,,,,,,,,,,,,,,,,,,,,,,,,,,,,,,,,,,,,,,,,,,,,,,,
,,,6,1,,,,,1,,34,,global_DerivativeInstrumentsAssets,virtua_147491722705,,,1,,,,Monetary,Instance,USD,$,Million,Derivative Instruments/Assets,,,,,,,,,,,,,,,,,,,,,,,,,,,,,,,,,,,,,,,,,,,,,,,,,,,,,,,,,
,,,6,1,,,,,1,,35,,global_EquityMethodInvestmentsUnconsolidatedInvesteesJV&Associates,virtua_147491722713,,,1,,,,Monetary,Instance,USD,$,Million,Equity Method Investments/Unconsolidated Investees/ JV & Associates,,,,,,,,,,,,,,,,,,,,,,,,,,,,,,,,,,,,,,,,,,,,,,,,,,,,,,,,,
,,,6,1,,,,,1,,36,,global_PensionandotherpostretirementBenefits,virtua_147491722721,,,1,,,,Monetary,Instance,USD,$,Million,Pension and other postretirement Benefits,,,,,,,,,,,,,,,,,,,,,,,,,,,,,,,,,,,,,,,,,,,,,,,,,,,,,,,,,
,,,6,1,,,,,1,,37,,global_DeferredIncomeTax,virtua_147491722729,,,1,,,,Monetary,Instance,USD,$,Million,Deferred Income Tax,,,,,,,,,,,,,,,,,,,,,,,,,,,,,,,,,,,,,,,,,,,,,,,,,,,,,,,,,
,,,6,1,,,,,1,,38,,global_DeferredRevenue,virtua_147491722737,,,1,,,,Monetary,Instance,USD,$,Million,Deferred Revenue,,,,,,,,,,,,,,,,,,,,,,,,,,,,,,,,,,,,,,,,,,,,,,,,,,,,,,,,,
,,,6,1,,,1,,1,,39,,global_OtherDeferredAssetsNonCurrent,virtua_147491722745,,,1,,,,Monetary,Instance,USD,$,Million,Other Deferred Assets Non Current,143.47,141.26,136.7,162.8,162.8,153.02,143.87,148.15,189.94,189.94,180.25,169.25,167.84,227.85,227.85,220.51,224.23,253,0,0,0,0,0,0,0,0,0,0,0,0,0,0,0,0,0,0,0,0,0,0,0,0,0,0,0,0,0,0,0,,,,,,,,
,,,6,1,,,1,,1,,40,,global_OtherLongTermAssets,virtua_147491722753,,,1,,,,Monetary,Instance,USD,$,Million,Other Long Term Assets,600.09,604.56,595.16,575.23,575.23,754.38,415.43,396.73,142.1,142.1,409.19,1455.8,1100.44,486.87,486.87,475.23,458,424.89,1489,1489,1430,1458,1419,1232,1232,1149,0,0,0,0,0,0,0,0,0,0,0,0,0,0,0,0,0,0,0,0,0,0,0,0,0,0,0,0,0,0,
,,,4,1,,,,,1,,6,,global_TotalNonCurrentAssets,virtua_147491722761,,,1,,,,Monetary,Instance,USD,$,Million,Total Non Current Assets,6601.96,6705.14,6973.51,7150.58,7150.58,7760.86,7877.19,7973.19,7031.6,7031.6,9042.6,11103.32,11386.12,11588.1,11588.1,11654.44,11607.46,11543.87,12400,12400,12812,19021,19718,20054,20054,23119,0,0,0,0,0,0,0,0,0,0,0,0,0,0,0,0,0,0,0,0,0,0,0,,,,,,,,
,,,,1,,,,,1,,4,,global_TotalAssets,virtua_147491722769,,,1,,,,Monetary,Instance,USD,$,Million,Total Assets,8641.34,9009.83,9412.66,10665.13,10665.13,10365.68,10793.98,10911.97,12762.92,12762.92,12817.27,14381.31,14387.67,17584.92,17584.92,17058.93,17418.8,17490.04,21984,21984,22963,25823,26588,30737,30737,33154,0,0,0,0,0,0,0,0,0,0,0,0,0,0,0,0,0,0,0,0,0,0,0,,,,,,,,
,,,,1,,,,,,,3,,global_LiabilitesandShareholder'sEquity,virtua_147491722777,,,1,,,,Abstract,,,$,,Liabilites and Shareholder's Equity,,,,,,,,,,,,,,,,,,,,,,,,,,,,,,,,,,,,,,,,,,,,,,,,,,,,,,,,,
,,,13,1,,,1,,1,,41,,global_AccountsPayableNet,virtua_147491722787,,,1,,,,Monetary,Instance,USD,$,Million,"AccountsPayable, Net",766.6,891.06,935.94,1103.34,1103.34,928.11,1098.05,1149.69,1349.34,1349.34,1093.2,1567.9,1496.84,1752.66,1752.66,1459.69,1576.82,1686.41,2047,2047,1691,2083,2143,2691,2691,2228,0,0,0,0,0,0,0,0,0,0,0,0,0,0,0,0,0,0,0,0,0,0,0,0,0,0,0,0,0,0,0
,,,13,1,,,,,1,,42,,global_IncomeTaxesPayable,virtua_147491722796,,,1,,,,Monetary,Instance,USD,$,Million,Income Taxes Payable,,,,,,,,,,,,,,,,,,,,,,,,,,,,,,,,,,,,,,,,,,,,,,,,,,,,,,,,,
,,,13,1,,,,,1,,43,,global_AccruedTaxes,virtua_147491722804,,,1,,,,Monetary,Instance,USD,$,Million,Accrued Taxes,,,,,,,,,,,,,,,,,,,,,,,,,,,,,,,,,,,,,,,,,,,,,,,,,,,,,,,,,
,,,13,1,,,1,,1,,44,,global_CurrentPortionLongTermDebt,virtua_147491722812,,,1,,,,Monetary,Instance,USD,$,Million,Current Portion Long Term Debt,305.03,295.1,179.76,0,0,0,0,0,0,0,0,0,0,0,0,1123.53,1130.73,1137.95,1025,1025,3,503,503,0,0,0,0,0,0,0,0,0,0,0,0,0,0,0,0,0,0,0,0,0,0,0,0,0,0,0,0,0,0,0,0,,
,,,13,1,,,,,1,,45,,global_CurrentPortionBoardcastRightsPayable,virtua_147491722820,,,1,,,,Monetary,Instance,USD,$,Million,Current Portion Boardcast Rights Payable,0,0,0,0,0,0,0,0,0,0,0,0,0,0,0,0,0,0,0,0,0,0,0,0,0,675,,,,,,,,,,,,,,,,,,,,,,,,,,,,,,,
,,,13,1,,,,,1,,46,,global_InterestPayable,virtua_147491722828,,,1,,,,Monetary,Instance,USD,$,Million,Interest Payable,,,,,,,,,,,,,,,,,,,,,,,,,,,,,,,,,,,,,,,,,,,,,,,,,,,,,,,,,
,,,13,1,,,,,1,,47,,global_DividendsPayable,virtua_147491722836,,,1,,,,Monetary,Instance,USD,$,Million,Dividends Payable,,,,,,,,,,,,,,,,,,,,,,,,,,,,,,,,,,,,,,,,,,,,,,,,,,,,,,,,,
,,,13,1,,,,,1,,48,,global_SalesTaxPayable,virtua_147491722844,,,1,,,,Monetary,Instance,USD,$,Million,Sales Tax Payable,,,,,,,,,,,,,,,,,,,,,,,,,,,,,,,,,,,,,,,,,,,,,,,,,,,,,,,,,
,,,13,1,,,,,1,,49,,global_AccruedExpensesExpensesPayable,virtua_147491722852,,,1,,,,Monetary,Instance,USD,$,Million,Accrued Expenses / Expenses Payable,,,,,,,,,,,,,,,,,,,,,,,,,,,,,,,,,,,,,,,,,,,,,,,,,,,,,,,,,
,,,13,1,,,,,1,,50,,global_DerivativeInstrumentsLiablilities,virtua_147491722860,,,1,,,,Monetary,Instance,USD,$,Million,Derivative Instruments/Liablilities,,,,,,,,,,,,,,,,,,,,,,,,,,,,,,,,,,,,,,,,,,,,,,,,,,,,,,,,,
,,,51,1,,,,,1,,71,,global_CapitalLeaseObligationsCurrent,virtua_147491722868,,,1,,,,Monetary,Instance,USD,$,Million,CapitalLeaseObligationsCurrent,,,,,,,,,,,,,,,,,,,,,,,,,,,,,,,,,,,,,,,,,,,,,,,,,,,,,,,,,
,,,51,1,,,1,,1,,72,,global_ShortTermBorrowings,virtua_147491722876,,,1,,,,Monetary,Instance,USD,$,Million,ShortTermBorrowings,0,0,0,0,0,0,0,0,0,0,0,0,0,0,0,0,0,0,0,0,0,0,0,0,0,0,0,0,0,0,0,0,0,0,0,0,0,0,0,0,0,0,0,0,0,0,0,,,,,,,,,,
,,,13,1,,,,,1,,51,,global_DebtCapitalLeaseObligationsCurrent,virtua_147491722884,,,1,,,,Monetary,Instance,USD,$,Million,DebtCapitalLeaseObligationsCurrent,0,0,0,0,0,0,0,0,0,0,0,0,0,0,0,0,0,0,0,0,0,0,0,0,0,0,0,0,0,0,0,0,0,0,0,0,0,0,0,0,0,0,0,0,0,0,0,0,0,,,,,,,,
,,,13,1,,,1,,1,,52,,global_DeferredUnearnedRevenueCurrent,virtua_147491722893,,,1,,,,Monetary,Instance,USD,$,Million,Deferred Unearned Revenue Current,2288.32,2316.57,2192.66,3286.77,3286.77,3032.77,3014.94,2827.29,4267.67,4267.67,3991.91,3808.2,3478.69,5542.8,5542.8,5042.65,4818.63,4392.08,6995,6995,6201,5883,5376,8564,8564,7585,0,0,0,0,0,0,0,0,0,0,0,0,0,0,0,0,0,0,0,0,0,0,0,0,0,0,0,0,0,,
,,,13,1,,,,,1,,220,,global_OtherCurrentLiablities,virtua_147491722901,,,1,,,,Monetary,Instance,USD,$,Million,Other Current liabilities,,,,,,,,,,,,,,,,,,,,,,,,,,,,,,,,,,,,,,,,,,,,,,,,,,,,,,,,,
,,,11,1,,,,,1,,13,,global_CurrentLiabilities,virtua_147491722909,,,1,,,,Monetary,Instance,USD,$,Million,CurrentLiabilities,3359.95,3502.74,3308.35,4390.1,4390.1,3960.88,4112.99,3976.98,5617.01,5617.01,5085.1,5376.1,4975.53,7295.47,7295.47,7625.86,7526.19,7216.44,10067,10067,7895,8469,8022,11255,11255,10488,0,0,0,0,0,0,0,0,0,0,0,0,0,0,0,0,0,0,0,0,0,0,0,,,,,,,,
,,,,1,,,,,,,8,,global_NonCurrentLiabilities,virtua_147491722917,,,1,,,,Abstract,,,$,,Non Current Liabilities,,,,,,,,,,,,,,,,,,,,,,,,,,,,,,,,,,,,,,,,,,,,,,,,,,,,,,,,,
,,,11,1,,,1,,1,,53,,global_LongTermDebtNet,virtua_147491722926,,,1,,,,Monetary,Instance,USD,$,Million,"Long Term Debt, Net",1300.32,1298.74,1064.68,1070.69,1070.69,1275.5,1281.61,1287.76,1286.1,1286.1,1293.17,1796.93,1804.37,2008.39,2008.39,695.85,696.2,696.56,695,695,3172,3173,3173,3173,3173,3173,0,0,0,0,0,0,0,0,0,0,0,0,0,0,0,0,0,0,0,0,0,0,0,0,0,0,0,0,0,,
,,,11,1,,,,,1,,54,,global_DebtCapitalLeaseObligationsNet,virtua_147491722934,,,1,,,,Monetary,Instance,USD,$,Million,"Debt Capital Lease Obligations ,  Net",,,,,,,,,,,,,,,,,,,,,,,,,,,,,,,,,,,,,,,,,,,,,,,,,,,,,,,,,
,,,11,1,,,,,1,,55,,global_Deposits,virtua_147491722942,,,1,,,,Monetary,Instance,USD,$,Million,Deposits,,,,,,,,,,,,,,,,,,,,,,,,,,,,,,,,,,,,,,,,,,,,,,,,,,,,,,,,,
,,,11,1,,,,,1,,56,,global_DeferredTaxLiability,virtua_147491722951,,,1,,,,Monetary,Instance,USD,$,Million,Deferred Tax Liability,,,,,,,,,,,,,,,,,,,,,,,,,,,,,,,,,,,,,,,,,,,,,,,,,,,,,,,,,
,,,11,1,,,1,,1,,218,,global_DeferredRevenueLongterm,virtua_147491722959,,,1,,,,Monetary,Instance,USD,$,Million,"Deferred Revenue, Long term",36.29,36.33,31.32,34.68,34.68,24.05,20.05,19.23,23.89,23.89,15.01,15.36,16.44,0,0,0,0,0,0,0,0,0,0,0,0,0,0,0,0,0,0,0,0,0,0,0,0,0,0,0,0,0,0,0,0,0,0,0,0,,,,,,,,
,,,11,1,,,,,1,,57,,global_MinorityInterestLongTermLiabilities,virtua_147491722967,,,1,,,,Monetary,Instance,USD,$,Million,Minority Interest Long Term Liabilities,,,,,,,,,,,,,,,,,,,,,,,,,,,,,,,,,,,,,,,,,,,,,,,,,,,,,,,,,
,,,11,1,,,,,1,,58,,global_ProgramBoardcastObligationsNetofcurrentPortions,virtua_147491722975,,,1,,,,Monetary,Instance,USD,$,Million,"Program Boardcast Obligations, Net of current Portions",0,0,0,0,0,0,0,0,0,0,0,0,0,0,0,0,0,0,0,0,0,0,0,0,0,2383,,,,,,,,,,,,,,,,,,,,,,,,,,,,,,,
,,,11,1,,,,,1,,59,,global_DerivativeInstrumentsLiablilities,virtua_147491722983,,,1,,,,Monetary,Instance,USD,$,Million,Derivative Instruments/Liablilities,,,,,,,,,,,,,,,,,,,,,,,,,,,,,,,,,,,,,,,,,,,,,,,,,,,,,,,,,
,,,11,1,,,,,1,,60,,global_Pensionandotherpostretirementliabilities,virtua_147491722991,,,1,,,,Monetary,Instance,USD,$,Million,Pension and other postretirement liabilities,,,,,,,,,,,,,,,,,,,,,,,,,,,,,,,,,,,,,,,,,,,,,,,,,,,,,,,,,
,,,11,1,,,1,,1,,61,,global_OtherLongTermLiabitities,virtua_147491722999,,,1,,,,Monetary,Instance,USD,$,Million,Other Long Term Liabitities,802.93,865.28,1215.81,1194.47,1194.47,870.05,843.52,878.05,833.07,833.07,839.73,1060.35,785.29,780.94,780.94,802.73,727.88,736.87,846,846,836,653,700,704,704,664,0,0,0,0,0,0,0,0,0,0,0,0,0,0,0,0,0,0,0,0,0,,,,,,,,,,
,,,5,1,,,,,1,,11,,global_TotalLiabilities,virtua_1474917237,,,1,,,,Monetary,Instance,USD,$,Million,Total Liabilities,5499.49,5703.08,5620.17,6689.94,6689.94,6130.48,6258.17,6162.01,7760.05,7760.05,7233.01,8248.74,7581.63,10084.8,10084.8,9124.44,8950.27,8649.87,11608,11608,11903,12295,11895,15132,15132,16708,0,0,0,0,0,0,0,0,0,0,0,0,0,0,0,0,0,0,0,0,0,0,0,,,,,,,,
,,,5,1,,,1,,1,,12,,global_CommitmentsandContingencies,virtua_14749172315,,,1,,,,Monetary,Instance,USD,$,Million,Total Other Liabilities,9.94,6.18,1.88,0,0,0,0,0,0,0,0,0,0,0,0,0,17.22,10.8,0,0,0,0,0,0,0,0,0,0,0,0,0,0,0,0,0,0,0,0,0,0,0,0,0,0,0,0,0,,,,,,,,,,
,,,,1,,,,,,,9,,global_StockholdersEquity,virtua_14749172324,,,1,,,,Abstract,,,$,,StockholdersEquity,,,,,,,,,,,,,,,,,,,,,,,,,,,,,,,,,,,,,,,,,,,,,,,,,,,,,,,,,
,,,73,1,,,1,,1,,79,,global_CommonStock,virtua_14749172334,,,1,,,,Monetary,Instance,USD,$,Million,Common Stock,0.61,0.62,0.63,0.65,0.65,0.66,0.66,0.66,0.67,0.67,0.68,0.69,0.7,0.71,0.71,0.71,0.72,0.72,1,1,1,1,1,1,1,1,0,0,0,0,0,0,0,0,0,0,0,0,0,0,0,0,0,0,0,0,0,0,0,,,,,,,,
,,,73,1,,,1,,1,,80,,global_AdditionalPaidinCapital,virtua_14749172342,,,1,,,,Monetary,Instance,USD,$,Million,Additional Paid in Capital,3556.07,3789.94,4331.31,4604.49,4604.49,4864.65,5165.89,5410.38,5705.39,5705.39,6217.95,6519.27,7281.75,8040.17,8040.17,8398.38,8889.44,9230.08,9752,9752,10123,12308,13393,13927,13927,14383,0,0,0,0,0,0,0,0,0,0,0,0,0,0,0,0,0,0,0,0,0,0,0,,,,,,,,
,,,62,1,,,,,1,,73,,global_CommonstockAndAdditionalPaidInCapital,virtua_14749172350,,,1,,,,Monetary,Instance,USD,$,Million,Common stock And Additional Paid In Capital,3556.68,3790.56,4331.95,4605.14,4605.14,4865.31,5166.55,5411.04,5706.06,5706.06,6218.62,6519.95,7282.45,8040.88,8040.88,8399.09,8890.16,9230.8,9753,9753,10124,12309,13394,13928,13928,14384,0,0,0,0,0,0,0,0,0,0,0,0,0,0,0,0,0,0,0,0,0,0,0,,,,,,,,
,,,62,1,,,,,1,,74,,global_PreferredStock,virtua_14749172358,,,1,,,,Monetary,Instance,USD,$,Million,Preferred Stock,,,,,,,,,,,,,,,,,,,,,,,,,,,,,,,,,,,,,,,,,,,,,,,,,,,,,,,,,
,,,62,1,,,,,1,,75,,global_RetainedEarnings,virtua_14749172366,,,1,,,,Monetary,Instance,USD,$,Million,Retained Earnings,,,,,,,,,,,,,,,,,,,,,,,,,,,,,,,,,,,,,,,,,,,,,,,,,,,,,,,,,
,,,62,1,,,,,1,,76,,global_TreasuryStock,virtua_14749172374,,,1,,,,Monetary,Instance,USD,$,Million,Treasury Stock,,,,,,,,,,,,,,,,,,,,,,,,,,,,,,,,,,,,,,,,,,,,,,,,,,,,,,,,,
,,,62,1,,,1,,1,,77,,global_AccumulatedComprehensiveIncomeDeficit,virtua_14749172382,,,1,,,,Monetary,Instance,USD,$,Million,Accumulated Comprehensive Income/Deficit, (424.77), (489.99), (541.33), (629.95), (629.95), (630.11), (630.75), (661.09), (703.19), (703.19), (634.36), (387.38), (476.41), (540.75), (540.75), (464.60), (438.85), (401.43),623,623,936,1219,1299,1677,1677,2062,0,0,0,0,0,0,0,0,0,0,0,0,0,0,0,0,0,0,0,0,0,0,0,,,,,,,,
,,,62,1,,,,,1,,78,,global_OtherReserves,virtua_14749172391,,,1,,,,Monetary,Instance,USD,$,Million,Other Reserves,,,,,,,,,,,,,,,,,,,,,,,,,,,,,,,,,,,,,,,,,,,,,,,,,,,,,,,,,
,,,10,1,,,,,1,,62,,global_TotalPartner'sEquity,virtua_14749172399,,,1,,,,Monetary,Instance,USD,$,Million,Total Partner's Equity,3131.91,3300.57,3790.61,3975.18,3975.18,4235.2,4535.8,4749.95,5002.87,5002.87,5584.26,6132.58,6806.04,7500.13,7500.13,7934.49,8451.31,8829.37,10376,10376,11060,13528,14693,15605,15605,16446,0,0,0,0,0,0,0,0,0,0,0,0,0,0,0,0,0,0,0,0,0,0,0,,,,,,,,
,,,10,1,,,,,1,,63,,global_MinorityInterest,virtua_147491723107,,,1,,,,Monetary,Instance,USD,$,Million,MinorityInterest,,,,,,,,,,,,,,,,,,,,,,,,,,,,,,,,,,,,,,,,,,,,,,,,,,,,,,,,,
,,,5,1,,,,,1,,10,,global_StockholdersEquity,virtua_147491723115,,,1,,,,Monetary,Instance,USD,$,Million,StockholdersEquity,3131.91,3300.57,3790.61,3975.18,3975.18,4235.2,4535.8,4749.95,5002.87,5002.87,5584.26,6132.58,6806.04,7500.13,7500.13,7934.49,8451.31,8829.37,10376,10376,11060,13528,14693,15605,15605,16446,0,0,0,0,0,0,0,0,0,0,0,0,0,0,0,0,0,0,0,0,0,0,0,,,,,,,,
,,,,1,,,,,1,,5,,global_LiabilitiesStockholdersEquity,virtua_147491723123,,,1,,,,Monetary,Instance,USD,$,Million,LiabilitiesStockholdersEquity,8641.34,9009.83,9412.66,10665.13,10665.13,10365.68,10793.98,10911.97,12762.92,12762.92,12817.27,14381.31,14387.67,17584.92,17584.92,17058.93,17418.8,17490.04,21984,21984,22963,25823,26588,30737,30737,33154,0,0,0,0,0,0,0,0,0,0,0,0,0,0,0,0,0,0,0,0,0,0,0,,,,,,,,
,,,,1,,,,,,,81,,global_CashFlow,virtua_147491723131,,,3,,,,Abstract,,,$,,Cash Flow,,,,,,,,,,,,,,,,,,,,,,,,,,,,,,,,,,,,,,,,,,,,,,,,,,,,,,,,,
,,,,1,,,,,,,85,,global_CashFlowfromOperatingActivities,virtua_147491723140,,,3,,,,Abstract,,,$,,Cash Flow from Operating Activities,,,,,,,,,,,,,,,,,,,,,,,,,,,,,,,,,,,,,,,,,,,,,,,,,,,,,,,,,
,,,88,1,,,1,,1,,93,,global_NetIncome,virtua_147491723149,,,3,,,,Monetary,Duration,USD,$,Million,Net Income, (96.91), (61.09), (38.92), (65.77), (262.69),4.09, (0.85), (25.16), (25.51), (47.43),38.76,229.62, (37.31),91.93,323,1,46,107,206,360,344,299,105,362,1110,392, (96.91), (158.00), (196.92), (262.69),4.09,3.24, (21.92), (47.43),38.76,268.38,231.07,323,1,47,154,360,344,643,748,1110,392,0,0,,,,,,,,
,,,88,1,,,,,1,,94,,global_Adjustments,virtua_147491723158,,,3,,,,Monetary,Duration,USD,$,Million,Adjustments,570,306.98,161.44,397.99,1444.13,730.99,305.13,187.67,495.72,1719.51,1012.3,21.06,191.62,614.02,1839,1229,285,18,846,2378,1122,159,38,969,2288,1573,570,876.98,1038.41,1444.13,730.99,1036.12,1223.79,1719.51,1012.3,1033.36,1224.98,1839,1229,1514,1532,2378,1122,1281,1319,2288,1573,0,0,,,,,,,,
,,,94,1,,,1,,1,,96,,global_DepreciationandAmortization,virtua_147491723166,,,3,,,,Monetary,Duration,USD,$,Million,Depreciation and Amortization,110.81,107.6,111.95,117.94,448.3,127.93,131.68,134.24,131.91,525.75,132.77,149.36,169.35,180.52,632,185,192,188,188,753,197,236,256,273,962,437,110.81,218.4,330.36,448.3,127.93,259.6,393.84,525.75,132.77,282.13,451.48,632,185,377,565,753,197,433,689,962,437,0,0,,,,,,,,
,,,94,1,,,,,1,,97,,global_Deferredincometaxes,virtua_147491723175,,,3,,,,Monetary,Duration,USD,$,Million,Deferred income taxes,,,,,,,,,,,,,,,,,,,,,,,,,,,,,,,,,,,,,,,,,,,,,,,,,,,,,,,,,
,,,94,1,,,,,1,,98,,global_Stock-basedcompensationexpense,virtua_147491723183,,,3,,,,Monetary,Duration,USD,$,Million,Stock-based compensation expense,,,,,,,,,,,,,,,,,,,,,,,,,,,,,,,,,,,,,,,,,,,,,,,,,,,,,,,,,
,,,94,1,,,1,,1,,99,,global_Expensesrelatedtoemployeestockplans,virtua_147491723191,,,3,,,,Monetary,Duration,USD,$,Million,Expenses related to employee stock plans,131.09,142.41,139.46,151.8,564.77,142.56,147.78,144.32,158.97,593.63,188.92,182.31,204.75,244.02,820,252,256,251,238,997,252,351,351,329,1283,343,131.09,273.5,412.96,564.77,142.56,290.34,434.66,593.63,188.92,371.23,575.98,820,252,508,759,997,252,603,954,1283,343,,,,,,,,,,
,,,94,1,,,1,,1,,100,,global_Excesstaxbenefitsfromtheexerciseofstockoptions,virtua_147491723199,,,3,,,,Monetary,Duration,USD,$,Million,Excess tax benefits from the exercise of stock options, (9.04),6.82, (1.22), (4.28),0,0,0,0,0,0,0,0,0,0,0,0,0,0,0,0,0,0,0,0,0,0, (9.04), (2.23), (3.45),0,0,0,0,0,0,0,0,0,0,0,0,0,0,0,0,0,0,0,0,,,,,,,,
,,,94,1,,,,,1,,101,,global_Non-CashInterestExpenseIncomeNet,virtua_147491723207,,,3,,,,Monetary,Duration,USD,$,Million,"Non-Cash Interest Expense/Income, Net",,,,,,,,,,,,,,,,,,,,,,,,,,,,,,,,,,,,,,,,,,,,,,,,,,,,,,,,,
,,,94,1,,,1,,1,,102,,global_AmortizationofLoanFeesandDiscountonDebtIssuanceandLease,virtua_147491723215,,,3,,,,Monetary,Duration,USD,$,Million,Amortization of Loan Fees and Discount on Debt Issuance and Lease,11.79,9.95,9.42,8.46,39.62,5.86,7.29,7.14,7.18,27.47,7.19,6.87,7.28,9.67,31,8,7,8,8,31,0,17,1,2,20,0,11.79,21.74,31.16,39.62,5.86,13.15,20.29,27.47,7.19,14.05,21.33,31,8,15,23,31,0,17,18,20,0,0,0,,,,,,,,
,,,94,1,,,,,1,,103,,global_LongLivedAssetsImpairment,virtua_147491723223,,,3,,,,Monetary,Duration,USD,$,Million,Long Lived Assets Impairment,,,,,,,,,,,,,,,,,,,,,,,,,,,,,,,,,,,,,,,,,,,,,,,,,,,,,,,,,
,,,94,1,,,,,1,,104,,global_NetgainlossonderivativeinstrumentsNet,virtua_147491723232,,,3,,,,Monetary,Duration,USD,$,Million,"Net (gain) loss on derivative instruments, Net",,,,,,,,,,,,,,,,,,,,,,,,,,,,,,,,,,,,,,,,,,,,,,,,,,,,,,,,,
,,,94,1,,,,,1,,105,,global_PensionandotherpostretirementbenefitsexpenseNet,virtua_147491723240,,,3,,,,Monetary,Duration,USD,$,Million,"Pension and other postretirement benefits expense, Net",,,,,,,,,,,,,,,,,,,,,,,,,,,,,,,,,,,,,,,,,,,,,,,,,,,,,,,,,
,,,94,1,,,,,1,,106,,global_Netunrealizedforeigncurrencylossgain,virtua_147491723248,,,3,,,,Monetary,Duration,USD,$,Million,Net unrealized foreign currency loss (gain),,,,,,,,,,,,,,,,,,,,,,,,,,,,,,,,,,,,,,,,,,,,,,,,,,,,,,,,,
,,,94,1,,,1,,1,,107,,global_LossIncomeonDisposalofAssets,virtua_147491723256,,,3,,,,Monetary,Duration,USD,$,Million,Loss(Income) on Disposal of Assets,0,0, (15.63),0, (15.63),0,0, (21.79),0, (21.79),0,0,0,0,0,0,0,0,0,0,0,0,0,0,0,0,0,0, (15.63), (15.63),0,0, (21.79), (21.79),0,0,0,0,0,0,0,0,0,0,0,0,0,0,0,0,0,0,0,,,,
,,,94,1,,,,,1,,108,,global_LossIncomeonExtinguishmentofAssetsDebt,virtua_147491723264,,,3,,,,Monetary,Duration,USD,$,Million,Loss(Income) on Extinguishment of Assets/Debt,,,,,,,,,,,,,,,,,,,,,,,,,,,,,,,,,,,,,,,,,,,,,,,,,,,,,,,,,
,,,94,1,,,,,1,,109,,global_EquityinearningsofunconsolidatedventuresNet,virtua_147491723272,,,3,,,,Monetary,Duration,USD,$,Million,"Equity in earnings of unconsolidated ventures, Net",,,,,,,,,,,,,,,,,,,,,,,,,,,,,,,,,,,,,,,,,,,,,,,,,,,,,,,,,
,,,94,1,,,,,1,,110,,global_ProvisionDoubtfulAccounts,virtua_147491723280,,,3,,,,Monetary,Duration,USD,$,Million,Provision Doubtful Accounts,,,,,,,,,,,,,,,,,,,,,,,,,,,,,,,,,,,,,,,,,,,,,,,,,,,,,,,,,
,,,94,1,,,,,1,,219,,global_DeferalofunearnedRevenue,virtua_147491723288,,,3,,,,Monetary,Duration,USD,$,Million,Deferal of Unearned Revenue/Deferred Revenue,,,,,,,,,,,,,,,,,,,,,,,,,,,,,,,,,,,,,,,,,,,,,,,,,,,,,,,,,
,,,94,1,,,1,,1,,111,,global_OthersNonCashItemsNet,virtua_147491723296,,,3,,,,Monetary,Duration,USD,$,Million,"Others Non Cash Items, Net",68.38,61.66,66.71,71.21,267.97,40.54,76.68,86.02,79.22,282.46,75.65,88.78,92.4,182.17,439,138,156,161,118,573, (23.00),40,127,51,195, (72.00),68.38,130.05,196.76,267.97,40.54,117.22,203.24,282.46,75.65,164.43,256.83,439,138,294,455,573, (23.00),17,144,195, (72.00),0,0,0,0,0,0,0,0,,
,,,94,1,,,,,1,,95,,global_WorkingCapitalChanges,virtua_147491723304,,,3,,,,Monetary,Duration,USD,$,Million,Working Capital Changes,256.96, (21.45), (149.26),52.86,139.11,414.1, (58.29), (162.25),118.44,312,607.78, (406.27), (282.15), (2.36), (83.00),646, (326.00), (590.00),294,24,696, (485.00), (697.00),314, (172.00),865,256.96,235.51,86.25,139.11,414.1,355.81,193.56,312,607.78,201.51, (80.64), (83.00),646,320, (270.00),24,696,211, (486.00), (172.00),865,0,0,,,,,,,,
,,,95,1,,,1,,1,,112,,global_Accountsreceivablenet,virtua_147491723312,,,3,,,,Monetary,Duration,USD,$,Million,"Accounts receivable, net",676.68, (150.17),39.79," (1,110.92)", (544.61),979.17, (141.42),15.26," (1,435.44)", (582.43),1307.31, (73.17),42.65," (1,909.80)", (633.00),1759, (130.00),51," (2,399.00)", (719.00),2162, (149.00), (48.00)," (2,888.00)", (923.00),2774,676.68,526.51,566.31, (544.61),979.17,837.75,853.01, (582.43),1307.31,1234.15,1276.8, (633.00),1759,1629,1680, (719.00),2162,2013,1965, (923.00),2774,0,0,,,,,,,,
,,,95,1,,,,,1,,113,,global_InventoriesNet,virtua_147491723320,,,3,,,,Monetary,Duration,USD,$,Million,"Inventories, Net",,,,,,,,,,,,,,,,,,,,,,,,,,,,,,,,,,,,,,,,,,,,,,,,,,,,,,,,,
,,,95,1,,,1,,1,,114,,global_AccuredPrepaidExpenses,virtua_147491723328,,,3,,,,Monetary,Duration,USD,$,Million,Accured / Prepaid Expenses,4.28,23.64,6.59,11.32,45.82, (11.27), (18.07),33.84,46.28,50.77, (56.67), (9.73),40.68, (21.28), (47.00), (185.00),6, (33.00),230,18, (90.00),4,82, (54.00), (58.00), (97.00),4.28,27.91,34.5,45.82, (11.27), (29.35),4.5,50.77, (56.67), (66.40), (25.72), (47.00), (185.00), (179.00), (212.00),18, (90.00), (86.00), (4.00), (58.00), (97.00),0,0,,,,,,,,
,,,95,1,,,,,1,,115,,global_AccuredDerivativeExpensesSettlements,virtua_147491723337,,,3,,,,Monetary,Duration,USD,$,Million,Accured Derivative Expenses/Settlements,,,,,,,,,,,,,,,,,,,,,,,,,,,,,,,,,,,,,,,,,,,,,,,,,,,,,,,,,
,,,95,1,,,,,1,,116,,global_OtherCurrentAssets,virtua_147491723345,,,3,,,,Monetary,Duration,USD,$,Million,Other Current Assets,,,,,,,,,,,,,,,,,,,,,,,,,,,,,,,,,,,,,,,,,,,,,,,,,,,,,,,,,
,,,95,1,,,,,1,,117,,global_ProgramRightObligationsNet,virtua_147491723353,,,3,,,,Monetary,Duration,USD,$,Million,"Program Right Obligations, Net",,,,,,,,,,,,,,,,,,,,,,,,,,,,,,,,,,,,,,,,,,,,,,,,,,,,,,,,,
,,,95,1,,,1,,1,,118,,global_Accountspayableandotheraccruedexpenses,virtua_147491723362,,,3,,,,Monetary,Duration,USD,$,Million,Accounts payable and other accrued expenses, (185.60),142.64, (1.93),204.87,159.97, (239.07),193.77,57.58,241.71,253.99, (286.23), (46.67),57.84,379.06,104, (297.00),203,67,380,353, (456.00),179, (34.00),598,287, (545.00), (185.60), (42.96), (44.89),159.97, (239.07), (45.30),12.28,253.99, (286.23), (332.89), (275.06),104, (297.00), (94.00), (27.00),353, (456.00), (277.00), (311.00),287, (545.00),0,0,0,0,0,0,0,0,0,0
,,,95,1,,,1,,1,,119,,global_AccruedExpensesExpensesPayable,virtua_147491723371,,,3,,,,Monetary,Duration,USD,$,Million,"Accrued Expenses, Expenses Payable",0,0,0,0,0,0,0,0,0,0,0,0,0, (693.00), (693.00), (133.00), (185.00), (238.00), (600.00)," (1,156.00)", (118.00), (146.00), (186.00), (531.00), (981.00), (124.00),0,0,0,0,0,0,0,0,0,0,0, (693.00), (133.00), (318.00), (556.00)," (1,156.00)", (118.00), (264.00), (450.00), (981.00), (124.00),0,0,0,0,0,0,0,0,,
,,,95,1,,,,,1,,120,,global_IncomeTaxespayableandreceivable,virtua_147491723379,,,3,,,,Monetary,Duration,USD,$,Million,Income Taxes payable and receivable,,,,,,,,,,,,,,,,,,,,,,,,,,,,,,,,,,,,,,,,,,,,,,,,,,,,,,,,,
,,,95,1,,,1,,1,,121,,global_DeferredassetsLiabilities,virtua_147491723387,,,3,,,,Monetary,Duration,USD,$,Million,Deferred assets/Liabilities, (238.40), (37.56), (193.71),947.59,477.93, (314.72), (92.58), (268.93),1265.89,589.66, (356.64), (276.71), (423.32),2242.66,1186, (498.00), (220.00), (437.00),2683,1528, (802.00), (373.00), (511.00),3189,1503, (979.00), (238.40), (275.95), (469.66),477.93, (314.72), (407.30), (676.22),589.66, (356.64), (633.34)," (1,056.66)",1186, (498.00), (718.00)," (1,155.00)",1528, (802.00)," (1,175.00)"," (1,686.00)",1503, (979.00),0,0,0,0,0,0,0,0,0,
,,,95,1,,,,,1,,122,,global_ShortTermDebtAgainstInventories,virtua_147491723395,,,3,,,,Monetary,Duration,USD,$,Million,Short Term Debt(Against Inventories),,,,,,,,,,,,,,,,,,,,,,,,,,,,,,,,,,,,,,,,,,,,,,,,,,,,,,,,,
,,,95,1,,,,,1,,123,,global_OtherCurrentLiablities,virtua_147491723403,,,3,,,,Monetary,Duration,USD,$,Million,Other Current Liablities,0,0,0,0,0,0,0,0,0,0,0,0,0,0,0,0,0,0,0,0,0,0,0,0,0, (164.00),0,0,0,0,0,0,0,0,0,0,0,0,0,0,0,0,0,0,0,0, (164.00),0,0,0,0,0,0,0,0,0,0
,,,83,1,,,,,1,,88,,global_CashFlowfromOperatingActivities,virtua_147491723411,,,3,,,,Monetary,Duration,USD,$,Million,Cash Flow from Operating Activities,473.09,245.89,122.51,332.22,1181.44,735.08,304.28,162.51,470.21,1672.08,1051.06,250.68,154.31,705.95,2162,1230,331,125,1052,2738,1466,458,143,1331,3398,1965,473.09,718.98,841.49,1181.44,735.08,1039.36,1201.87,1672.08,1051.06,1301.74,1456.05,2162,1230,1561,1686,2738,1466,1924,2067,3398,1965,0,0,,,,,,,,
,,,,1,,,,,,,86,,global_CashFlowfromInvestingActivities,virtua_147491723419,,,3,,,,Abstract,,,$,,Cash Flow from Investing Activities,,,,,,,,,,,,,,,,,,,,,,,,,,,,,,,,,,,,,,,,,,,,,,,,,,,,,,,,,
,,,124,1,,,1,,1,,132,,global_CapitalAdditionsTangibleAssets,virtua_147491723430,,,3,,,,Monetary,Duration,USD,$,Million,Capital Additions Tangible Assets, (30.10), (70.58), (188.36), (96.85), (416.89), (378.60), (61.45), (80.04), (68.47), (588.55), (83.30), (96.03), (140.65), (144.02), (464.00), (157.00), (128.00), (111.00), (138.00), (534.00), (122.00), (170.00), (136.00), (167.00), (595.00), (159.00), (30.10), (100.67), (320.04), (416.89), (378.60), (440.05), (520.09), (588.55), (83.30), (179.33), (319.98), (464.00), (157.00), (285.00), (396.00), (534.00), (122.00), (292.00), (428.00), (595.00), (159.00),0,0,0,0,0,0,0,0,,
,,,124,1,,,1,,1,,133,,global_ProceedsfromSaleofTangibleAssets,virtua_147491723438,,,3,,,,Monetary,Duration,USD,$,Million,Proceeds from Sale of Tangible Assets,0,0,192.24,0,223.24,0,0,127.07,0,127.07,0,0,0,0,0,0,0,0,0,0,0,0,0,0,0,0,0,0,223.24,223.24,0,0,127.07,127.07,0,0,0,0,0,0,0,0,0,0,0,0,0,0,0,0,,,,,,,
,,,89,1,,,,,1,,124,,global_CapitalAdditionsTangibleAssetsNet,virtua_147491723446,,,3,,,,Monetary,Duration,USD,$,Million,"Capital Additions Tangible Assets, Net", (30.10), (70.58),3.88, (96.85), (193.65), (378.60), (61.45),47.03, (68.47), (461.49), (83.30), (96.03), (140.65), (144.02), (464.00), (157.00), (128.00), (111.00), (138.00), (534.00), (122.00), (170.00), (136.00), (167.00), (595.00), (159.00), (30.10), (100.67), (96.80), (193.65), (378.60), (440.05), (393.02), (461.49), (83.30), (179.33), (319.98), (464.00), (157.00), (285.00), (396.00), (534.00), (122.00), (292.00), (428.00), (595.00), (159.00),0,0,,,,,,,,
,,,125,1,,,1,,1,,134,,global_CapitalAdditionsBusinessAcquistions,virtua_147491723454,,,3,,,,Monetary,Duration,USD,$,Million,Capital Additions (Business Acquistions),0,0,38.07,0,38.07, (12.47), (18.45), (27.76),0, (58.68), (1.80)," (2,798.19)", (32.12), (360.89)," (3,193.00)", (20.00),0,0, (5.00), (25.00), (182.00)," (4,803.00)", (130.00),0," (5,115.00)", (10.00),0,0,38.07,38.07, (12.47), (30.92), (58.68), (58.68), (1.80)," (2,799.99)"," (2,832.11)"," (3,193.00)", (20.00), (20.00), (20.00), (25.00), (182.00)," (4,985.00)"," (5,115.00)"," (5,115.00)", (10.00),,,,,,,,,,
,,,125,1,,,,,1,,135,,global_ProceedspaymentsrelatedtobusinessdispositionsDivestitures,virtua_147491723462,,,3,,,,Monetary,Duration,USD,$,Million,Proceeds (payments) related to business dispositions/ Divestitures,,,,,,,,,,,,,,,,,,,,,,,,,,,,,,,,,,,,,,,,,,,,,,,,,,,,,,,,,
,,,89,1,,,,,1,,125,,global_CapitalAdditionsBusinessAcquistionsNet,virtua_147491723470,,,3,,,,Monetary,Duration,USD,$,Million,"Capital Additions (Business Acquistions), Net",0,0,38.07,0,38.07, (12.47), (18.45), (27.76),0, (58.68), (1.80)," (2,798.19)", (32.12), (360.89)," (3,193.00)", (20.00),0,0, (5.00), (25.00), (182.00)," (4,803.00)", (130.00),0," (5,115.00)", (10.00),0,0,38.07,38.07, (12.47), (30.92), (58.68), (58.68), (1.80)," (2,799.99)"," (2,832.11)"," (3,193.00)", (20.00), (20.00), (20.00), (25.00), (182.00)," (4,985.00)"," (5,115.00)"," (5,115.00)", (10.00),0,0,,,,,,,,
,,,126,1,,,1,,1,,136,,global_PurchasesofInvestments,virtua_147491723478,,,3,,,,Monetary,Duration,USD,$,Million,Purchases of Investments, (16.25), (18.81), (12.85), (45.82), (93.73), (144.46), (150.43), (30.33), (60.99), (386.22), (22.06), (0.39), (43.38), (44.17), (110.00), (12.00), (46.00), (55.00), (103.00), (216.00), (147.00), (37.00), (108.00), (70.00), (362.00), (159.00), (16.25), (35.05), (47.91), (93.73), (144.46), (294.90), (325.23), (386.22), (22.06), (22.45), (65.83), (110.00), (12.00), (58.00), (113.00), (216.00), (147.00), (184.00), (292.00), (362.00), (159.00),,,,,,,,,,
,,,126,1,,,1,,1,,137,,global_ProceedsfromSaleofInvestments,virtua_147491723486,,,3,,,,Monetary,Duration,USD,$,Million,Proceeds from Sale of Investments,0,0,0,0,0,0,0,0,19.7,19.7,0,0,26.51,53.49,80,12,3,41,75,131,4,2,83,171,260,194,0,0,0,0,0,0,0,19.7,0,0,26.51,80,12,15,56,131,4,6,89,260,194,0,0,0,0,0,0,0,,,
,,,89,1,,,,,1,,126,,global_PaymentProceedsfromInvestmentsNet,virtua_147491723494,,,3,,,,Monetary,Duration,USD,$,Million,"Payment/Proceeds from Investments, Net", (16.25), (18.81), (12.85), (45.82), (93.73), (144.46), (150.43), (30.33), (41.29), (366.52), (22.06), (0.39), (16.88),9.33, (30.00),0, (43.00), (14.00), (28.00), (85.00), (143.00), (35.00), (25.00),101, (102.00),35, (16.25), (35.05), (47.91), (93.73), (144.46), (294.90), (325.23), (366.52), (22.06), (22.45), (39.33), (30.00),0, (43.00), (57.00), (85.00), (143.00), (178.00), (203.00), (102.00),35,0,0,,,,,,,,
,,,127,1,,,1,,1,,138,,global_PurchaseOtherAssets,virtua_147491723502,,,3,,,,Monetary,Duration,USD,$,Million,PurchaseOtherAssets, (250.54), (284.93), (154.56), (90.52), (780.54), (207.23), (136.20), (200.00), (595.85)," (1,139.27)", (589.34), (285.80), (111.73), (83.14)," (1,070.00)", (699.00), (501.00), (234.00), (569.00)," (2,003.00)", (263.00), (28.00), (343.00), (434.00)," (1,068.00)", (734.00), (250.54), (535.46), (690.02), (780.54), (207.23), (343.42), (543.42)," (1,139.27)", (589.34), (875.13), (986.86)," (1,070.00)", (699.00)," (1,200.00)"," (1,434.00)"," (2,003.00)", (263.00), (291.00), (634.00)," (1,068.00)", (734.00),0,0,0,0,0,0,0,0,0,
,,,127,1,,,1,,1,,139,,global_ProceedsfromsaleofOtherAssets,virtua_147491723511,,,3,,,,Monetary,Duration,USD,$,Million,Proceeds from sale of Other Assets,86.51,87.84,69.2,87.94,331.48,206.63,132.76,98.32,100.37,538.08,246.22,1637.98,107.59,81.21,2073,108,148,224,156,636,986,375,89,122,1572,142,86.51,174.35,243.54,331.48,206.63,339.39,437.7,538.08,246.22,1884.2,1991.79,2073,108,256,480,636,986,1361,1450,1572,142,0,0,0,0,0,0,0,0,0,
,,,89,1,,,,,1,,127,,global_PaymentorProceedsfromSaleofOtherAssets,virtua_147491723519,,,3,,,,Monetary,Duration,USD,$,Million,Payment or Proceeds from Sale of Other Assets, (164.03), (197.09), (85.36), (2.57), (449.06), (0.59), (3.44), (101.68), (495.47), (601.19), (343.12),1352.18, (4.14), (1.93),1003, (591.00), (353.00), (10.00), (413.00)," (1,367.00)",723,347, (254.00), (312.00),504, (592.00), (164.03), (361.12), (446.48), (449.06), (0.59), (4.04), (105.72), (601.19), (343.12),1009.07,1004.93,1003, (591.00), (944.00), (954.00)," (1,367.00)",723,1070,816,504, (592.00),0,0,,,,,,,,
,,,89,1,,,,,1,,128,,global_CapitalAdditionsIntangibleAssets,virtua_147491723527,,,3,,,,Monetary,Duration,USD,$,Million,Capital Additions Intangible Assets,,,,,,,,,,,,,,,,,,,,,,,,,,,,,,,,,,,,,,,,,,,,,,,,,,,,,,,,,
,,,89,1,,,,,1,,129,,global_GoodwillNet,virtua_147491723535,,,3,,,,Monetary,Duration,USD,$,Million,"Goodwill, Net",,,,,,,,,,,,,,,,,,,,,,,,,,,,,,,,,,,,,,,,,,,,,,,,,,,,,,,,,
,,,89,1,,,,,1,,130,,global_InvestmentinAffiliatesUnconsolidatedSubsidiaryEquityMethodNet,virtua_147491723543,,,3,,,,Monetary,Duration,USD,$,Million,"Investment in Affiliates/Unconsolidated Subsidiary/Equity Method, Net",,,,,,,,,,,,,,,,,,,,,,,,,,,,,,,,,,,,,,,,,,,,,,,,,,,,,,,,,
,,,89,1,,,0.001,,1,,131,,global_OtherInvestingActivity,virtua_147491723551,,,3,,,,Monetary,Duration,USD,$,Million,Other Investing Activity,,,,,,,,,,,,,,,,,,,,,,,,,,,,,,,,,,,,,,,,,,,,,,,,,,,,,,,,,
,,,83,1,,,,,1,,89,,global_CashFlowFromInvestingActivities,virtua_147491723560,,,3,,,,Monetary,Duration,USD,$,Million,Cash Flow From Investing Activities, (210.37), (286.48), (56.27), (145.25), (698.36), (536.12), (233.78), (112.75), (605.23)," (1,487.88)", (450.28)," (1,542.43)", (193.78), (497.51)," (2,684.00)", (768.00), (524.00), (135.00), (584.00)," (2,011.00)",276," (4,661.00)", (545.00), (378.00)," (5,308.00)", (726.00), (210.37), (496.85), (553.11), (698.36), (536.12), (769.90), (882.65)," (1,487.88)", (450.28)," (1,992.71)"," (2,186.49)"," (2,684.00)", (768.00)," (1,292.00)"," (1,427.00)"," (2,011.00)",276," (4,385.00)"," (4,930.00)"," (5,308.00)", (726.00),0,0,,,,,,,,
,,,,1,,,,,,,87,,global_CashFlowfromFinancingActivities,virtua_147491723569,,,3,,,,Abstract,,,$,,Cash Flow from Financing Activities,,,,,,,,,,,,,,,,,,,,,,,,,,,,,,,,,,,,,,,,,,,,,,,,,,,,,,,,,
,,,140,1,,,,,1,,148,,global_Proceedsfromissuanceofcommonstock,virtua_147491723579,,,3,,,,Monetary,Duration,USD,$,Million,Proceeds from issuance of common stock,,,,,,,,,,,,,,,,,,,,,,,,,,,,,,,,,,,,,,,,,,,,,,,,,,,,,,,,,
,,,140,1,,,,,1,,149,,global_RepurchaseofCommonStock,virtua_147491723587,,,3,,,,Monetary,Duration,USD,$,Million,Repurchase of Common Stock,,,,,,,,,,,,,,,,,,,,,,,,,,,,,,,,,,,,,,,,,,,,,,,,,,,,,,,,,
,,,90,1,,,,,1,,140,,global_ProceedsPaymentofCommonStockNet,virtua_147491723595,,,3,,,,Monetary,Duration,USD,$,Million,"Proceeds/Payment of Common Stock, Net",0,0,0,0,0,0,0,0,0,0,0,0,0,0,0,0,0,0,0,0,0,0,0,0,0,0,0,0,0,0,0,0,0,0,0,0,0,0,0,0,0,0,0,0,0,0,0,0,0,,,,,,,,
,,,141,1,,,,,1,,150,,global_ProceedsfromissuanceofPreferredstock,virtua_147491723604,,,3,,,,Monetary,Duration,USD,$,Million,Proceeds from issuance of Preferred stock,,,,,,,,,,,,,,,,,,,,,,,,,,,,,,,,,,,,,,,,,,,,,,,,,,,,,,,,,
,,,141,1,,,,,1,,151,,global_RepurchaseofPreferredStock,virtua_147491723612,,,3,,,,Monetary,Duration,USD,$,Million,Repurchase of Preferred Stock,,,,,,,,,,,,,,,,,,,,,,,,,,,,,,,,,,,,,,,,,,,,,,,,,,,,,,,,,
,,,90,1,,,,,1,,141,,global_ProceedsPaymentofPreferredStockNet,virtua_147491723620,,,3,,,,Monetary,Duration,USD,$,Million,"Proceeds/Payment of Preferred Stock, Net",0,0,0,0,0,0,0,0,0,0,0,0,0,0,0,0,0,0,0,0,0,0,0,0,0,0,0,0,0,0,0,0,0,0,0,0,0,0,0,0,0,0,0,0,0,0,0,0,0,,,,,,,,
,,,142,1,,,1,,1,,152,,global_Stockoptionexercises,virtua_147491723628,,,3,,,,Monetary,Duration,USD,$,Million,Stock option exercises,73.8,61.43,91.34,82.43,308.99,155.02,114.8,98.02,87.65,455.48,89.14,133.88,92.85,85.14,401,160,183,142,165,650,201,182,185,136,704,219,73.8,135.22,226.56,308.99,155.02,269.81,367.83,455.48,89.14,223.02,315.87,401,160,343,485,650,201,383,568,704,219,0,0,,,,,,,,
,,,142,1,,,1,,1,,153,,global_Excesstaxbenefitsfromstock-basedcompensation,virtua_147491723636,,,3,,,,Monetary,Duration,USD,$,Million,Excess tax benefits from stock-based compensation,9.04, (6.82),1.22,4.28,0,0,0,0,0,0,0,0,0,0,0,0,0,0,0,0,0,0,0,0,0,0,9.04,2.23,3.45,0,0,0,0,0,0,0,0,0,0,0,0,0,0,0,0,0,0,0,0,,,,,,,,
,,,90,1,,,,,1,,142,,global_ProccedsfromStockOptionExerciesNetofTaxBenefits,virtua_147491723644,,,3,,,,Monetary,Duration,USD,$,Million,"Procceds from Stock Option Exercies, Net of Tax Benefits",82.84,54.61,92.56,86.71,308.99,155.02,114.8,98.02,87.65,455.48,89.14,133.88,92.85,85.14,401,160,183,142,165,650,201,182,185,136,704,219,82.84,137.45,230.01,308.99,155.02,269.81,367.83,455.48,89.14,223.02,315.87,401,160,343,485,650,201,383,568,704,219,0,0,,,,,,,,
,,,143,1,,,1,,1,,154,,global_ProceedsFromLongtermDebt,virtua_147491723652,,,3,,,,Monetary,Duration,USD,$,Million,Proceeds From Long term Debt,0,0,0,0, (285.00),0,0,0,0,0,0,495.55,0,749.45,1245,0,0,0,0,0,2470,496,0,0,2966,0,0,0,0, (285.00),0,0,0,0,0,495.55,495.55,1245,0,0,0,0,2470,2966,2966,2966,0,0,0,0,0,0,0,0,0,,
,,,143,1,,,1,,1,,155,,global_RepaymentofLongtermDebt,virtua_147491723660,,,3,,,,Monetary,Duration,USD,$,Million,Repayment of Long term Debt, (301.99), (61.53), (369.99), (191.02), (639.53), (316.83), (41.07), (10.95), (13.49), (382.33), (49.97), (12.80), (11.00), (574.24), (648.00), (209.00), (66.00), (8.00), (146.00), (429.00)," (1,046.00)", (89.00), (3.00), (522.00)," (1,660.00)", (12.00), (301.99), (363.52), (733.51), (639.53), (316.83), (357.90), (368.84), (382.33), (49.97), (62.76), (73.76), (648.00), (209.00), (275.00), (283.00), (429.00)," (1,046.00)"," (1,135.00)"," (1,138.00)"," (1,660.00)", (12.00),0,0,0,0,0,0,0,0,,
,,,90,1,,,,,1,,143,,global_ProceedsPaymentofLongTermDebtNet,virtua_147491723668,,,3,,,,Monetary,Duration,USD,$,Million,"Proceeds/Payment of Long Term Debt, Net", (301.99), (61.53), (369.99), (191.02), (924.53), (316.83), (41.07), (10.95), (13.49), (382.33), (49.97),482.76, (11.00),175.21,597, (209.00), (66.00), (8.00), (146.00), (429.00),1424,407, (3.00), (522.00),1306, (12.00), (301.99), (363.52), (733.51), (924.53), (316.83), (357.90), (368.84), (382.33), (49.97),432.79,421.79,597, (209.00), (275.00), (283.00), (429.00),1424,1831,1828,1306, (12.00),0,0,,,,,,,,
,,,144,1,,,,,1,,156,,global_ChangeInShortTermBorrowings,virtua_147491723676,,,3,,,,Monetary,Duration,USD,$,Million,Change In Short Term Borrowings,,,,,,,,,,,,,,,,,,,,,,,,,,,,,,,,,,,,,,,,,,,,,,,,,,,,,,,,,
,,,144,1,,,,,1,,157,,global_DividendPaid,virtua_147491723684,,,3,,,,Monetary,Duration,USD,$,Million,Dividend Paid,,,,,,,,,,,,,,,,,,,,,,,,,,,,,,,,,,,,,,,,,,,,,,,,,,,,,,,,,
,,,144,1,,,,,1,,217,,global_PreferredDividends,virtua_147491723692,,,3,,,,Monetary,Duration,USD,$,Million,Preferred Dividends,,,,,,,,,,,,,,,,,,,,,,,,,,,,,,,,,,,,,,,,,,,,,,,,,,,,,,,,,
,,,144,1,,,,,1,,159,,global_DividendPaidtoMinorityInterest,virtua_147491723700,,,3,,,,Monetary,Duration,USD,$,Million,Dividend Paid to Minority Interest,,,,,,,,,,,,,,,,,,,,,,,,,,,,,,,,,,,,,,,,,,,,,,,,,,,,,,,,,
,,,90,1,,,,,1,,144,,global_TotalDividendPaymentNet,virtua_147491723709,,,3,,,,Monetary,Duration,USD,$,Million,"Total Dividend Payment, Net",0,0,0,0,0,0,0,0,0,0,0,0,0,0,0,0,0,0,0,0,0,0,0,0,0,0,0,0,0,0,0,0,0,0,0,0,0,0,0,0,0,0,0,0,0,0,0,0,0,,,,,,,,
,,,90,1,,,,,1,,145,,global_DeferredFinancingCostsDebtEquityIssuanceCost,virtua_147491723717,,,3,,,,Monetary,Duration,USD,$,Million,Deferred Financing Costs (Debt/Equity Issuance Cost),,,,,,,,,,,,,,,,,,,,,,,,,,,,,,,,,,,,,,,,,,,,,,,,,,,,,,,,,
,,,90,1,,,,,1,,146,,global_MergerReleatedCost,virtua_147491723725,,,3,,,,Monetary,Duration,USD,$,Million,Merger Releated Cost,,,,,,,,,,,,,,,,,,,,,,,,,,,,,,,,,,,,,,,,,,,,,,,,,,,,,,,,,
,,,90,1,,,1,,1,,147,,global_OtherFinancingActivities,virtua_147491723733,,,3,,,,Monetary,Duration,USD,$,Million,Other Financing Activities,0,0,297.33,0,297.33,0,0,0,0,0,0,0,0,0,0,0,0,0,0,0,0,0,0,0,0,0,0,0,297.33,297.33,0,0,0,0,0,0,0,0,0,0,0,0,0,0,0,0,0,0,0,0,0,,,,,,
,,,83,1,,,,,1,,90,,global_CashFlowfromFinancingActivities,virtua_147491723742,,,3,,,,Monetary,Duration,USD,$,Million,Cash Flow from Financing Activities, (219.15), (6.92),19.89, (104.31), (318.21), (161.81),73.73,87.07,74.17,73.15,39.17,616.63,81.85,260.35,998, (49.00),117,134,19,221,1625,589,182, (386.00),2010,207, (219.15), (226.07), (206.18), (318.21), (161.81), (88.09), (1.01),73.15,39.17,655.81,737.66,998, (49.00),68,202,221,1625,2214,2396,2010,207,0,0,,,,,,,,
,,,83,1,,,1,,1,,91,,global_EffectExchangeRateCashCashEquivalents,virtua_147491723750,,,3,,,,Monetary,Duration,USD,$,Million,EffectExchangeRateCashCashEquivalents,2.69, (5.66), (14.54), (20.88), (38.39), (3.31),3.17, (2.87), (4.10), (7.11),0.76, (8.74), (11.87), (7.16), (27.00),5,0, (1.00), (16.00), (12.00),12,11,6, (3.00),26, (5.00),2.69, (2.98), (17.51), (38.39), (3.31), (0.14), (3.01), (7.11),0.76, (7.97), (19.84), (27.00),5,5,4, (12.00),12,23,29,26, (5.00),,,,,,,,,,
,,,83,1,,,,,1,,92,,global_EffectOfDiscontinuedOperations,virtua_147491723758,,,3,,,,Monetary,Duration,USD,$,Million,EffectOfDiscontinuedOperations,,,,,,,,,,,,,,,,,,,,,,,,,,,,,,,,,,,,,,,,,,,,,,,,,,,,,,,,,
,,,82,1,,,,,1,,83,,global_NetIncreaseDecreaseCashCashEquivalents,virtua_147491723767,,,3,,,,Monetary,Duration,USD,$,Million,NetIncreaseDecreaseCashCashEquivalents,46.26, (53.17),71.6,61.79,126.48,33.84,147.4,133.97, (64.95),250.25,640.72, (683.86),30.51,461.63,449,418, (76.00),123,471,936,3379," (3,603.00)", (214.00),564,126,1441,46.26, (6.91),64.69,126.48,33.84,181.23,315.2,250.25,640.72, (43.14), (12.63),449,418,342,465,936,3379, (224.00), (438.00),126,1441,0,0,,,,,,,,
,,,82,1,,,1,,1,,84,,global_CashAtBeginingOfPeriod,virtua_147491723776,,,3,,,,Monetary,Instance,USD,$,Million,CashAtBeginingOfPeriod,781.64,827.89,774.73,846.33,781.64,908.12,941.96,1089.35,1223.32,908.12,1158.36,1799.08,1115.23,1145.74,1158,1607,2025,1949,2072,1607,2543,5922,2543,2329,2543,2669,781.64,781.64,781.64,781.64,908.12,908.12,908.12,908.12,1158.36,1158.36,1158.36,1158,1607,1607,1607,1607,2543,2543,2543,2543,2669,,,,,,,,,,
,,,,1,,,,,1,,82,,global_CashAtEndOfPeriod,virtua_147491723784,,,3,,,,Monetary,Instance,USD,$,Million,CashAtEndOfPeriod,827.89,774.73,846.33,908.12,908.12,941.96,1089.35,1223.32,1158.36,1158.36,1799.08,1115.23,1145.74,1607.36,1607,2025,1949,2072,2543,2543,5922,2319,2329,2893,2669,4110,827.89,774.73,846.33,908.12,941.96,1089.35,1223.32,1158.36,1799.08,1115.23,1145.74,1607,2025,1949,2072,2543,5922,2319,2105,2669,4110,0,0,,,,,,,,
,,,,1,,,,,,,1630,,global_CompanyExternalElements,virtua_147491723792,,,51,,,,Abstract,,,$,,Company External Elements,,,,,,,,,,,,,,,,,,,,,,,,,,,,,,,,,,,,,,,,,,,,,,,,,,,,,,,,,
,,,,1,,,,,1,,158,,global_StockPrice,virtua_147491723802,,,51,,,,PerShare,Instance,USD,$,Actual,Stock Price,,,,,,,,,,,,,,,,,,,,,,,,,,,,,,,,,,,,,,,,,,,,,,,,,,,,,,,,,
,,,,1,,,,,1,,1089,,global_StockPriceAdjustedStockSplit,virtua_147491723810,,,51,,,,PerShare,Instance,USD,$,Actual,Stock Price Adjusted Stock Split,51.65,54.25,63.99,56.45,56.45,72.82,73.3,77.71,68.06,68.06,75.8,81.8,75.16,79.1,79.1,86.12,90.8,102.34,113.91,113.91,120.99,137.15,137.24,151.97,151.97,165.35,51.65,54.25,63.99,56.45,72.82,73.3,77.71,68.06,75.8,81.8,75.16,79.1,86.12,90.8,102.34,113.91,120.99,137.15,137.24,151.97,165.35,54.25,56.45,73.3,68.06,81.8,79.1,90.8,113.91,137.15,151.97
,,,,1,,,,,1,,1820,,global_TotalSharesOutstanding,virtua_147491723818,,,51,,,,Shares,Instance,USD,$,Million,Total Shares Outstanding,648,648,659,650.6,650.6,664,660,664,670.93,670.93,677.5,685,696.7,707.46,707.46,712.2,718.7,722.3,729.85,729.85,733.9,756.7,765,770,770,775,,,,650.6,,660,664,670.93,677.5,685,696.7,707.46,712.2,718.7,722.3,729.85,733.9,756.7,765,770,775,,650.6,660,670.93,685,707.46,718.7,729.853,756.7,770
,,,,1,,,,,,,,,,virtua_147491723827,,,,,,8,,,,,,,,,,,,,,,,,,,,,,,,,,,,,,,,,,,,,,,,,,,,,,,,,,,,,,,,,,,,,,,
,,,,1,,,,,,,,,,virtua_147491723837,,,,,,8,Abstract,,,,,Validation,,,,,,,,,,,,,,,,,,,,,,,,,,,,,,,,,,,,,,,,,,,,,,,,,,,,,,,,,
,,,,1,,,,,,,160,,global_IncomeStatement,virtua_147491723848,,,2,,,8,Abstract,,,$,,Income Statement,,,,,,,,,,,,,,,,,,,,,,,,,,,,,,,,,,,,,,,,,,,,,,,,,,,,,,,,,
,,,,1,,,1,,1,,175,,global_GrossProfit,virtua_147491723862,,,2,,,8,Monetary,Duration,USD,$,Million,Gross Profit,934.47,1010.72,1050.44,1088.69,4084.32,1129.37,1229.3,1288.28,1365.72,5012.67,1419.62,1511.04,1559.25,1668.03,6203,1746,1907,1987,2127,7767,2239,2432,2503,2657,9831,2823,934.47,1945.19,2995.63,4084.32,1129.37,2358.67,3646.95,5012.67,1419.62,2930.66,4489.91,6203,1746,3653,5640,7767,2239,4671,7174,9831,2823,0,0,,,,,,,,
,,,,1,,,1,,1,,169,,global_OperatingExpenses,virtua_147491723874,,,2,,,8,Monetary,Duration,USD,$,Million,Operating Expenses,989.81,1044.15,1072.49,1123.5,4229.95,1098.26,1209.48,1244.85,1345.16,4897.75,1367.64,1478.49,1556.22,1691.38,5985,1742,1823,1832,1916,7313,2048,2317,2411,2520,9296,2613,989.81,2033.96,3106.45,4229.95,1098.26,2307.74,3552.59,4897.75,1367.64,2846.12,4402.34,5985,1742,3565,5397,7313,2048,4365,6776,9296,2613,0,0,,,,,,,,
,,,,1,,,1,,1,,170,,global_OperatingIncome,virtua_147491723885,,,2,,,8,Monetary,Duration,USD,$,Million,Operating Income, (55.34), (33.43), (22.04), (34.82), (145.63),31.11,19.82,43.43,20.56,114.92,51.99,32.55,3.04, (23.35),218,4,84,155,211,454,191,115,92,137,535,210, (55.34), (88.78), (110.82), (145.63),31.11,50.93,94.36,114.92,51.99,84.54,87.57,218,4,88,243,454,191,306,398,535,210,0,0,,,,,,,,
,,,,1,,,1,,1,,168,,global_IncomeBeforeIncomeTaxes,virtua_147491723898,,,2,,,8,Monetary,Duration,USD,$,Million,Income Before Income Taxes, (84.77), (52.97), (21.85), (53.50), (213.09),18.07,6.96,43.39, (4.14),64.28,37.16,24.28, (12.59), (23.47),179, (10.00),63,146,221,420,385,231,128,239,983,482, (84.77), (137.74), (159.59), (213.09),18.07,25.03,68.42,64.28,37.16,61.44,48.85,179, (10.00),53,199,420,385,616,744,983,482,0,0,,,,,,,,
,,,,1,,,1,,1,,167,,global_NetIncomefromContinuingOperations,virtua_147491723909,,,2,,,8,Monetary,Duration,USD,$,Million,Net Income from Continuing Operations, (96.91), (61.09), (38.92), (65.77), (262.69),4.09, (0.85), (25.16), (25.51), (47.43),38.76,229.62, (37.31), (51.44),323,1,46,107,206,360,344,299,105,362,1110,392, (96.91), (158.00), (196.92), (262.69),4.09,3.24, (21.92), (47.43),38.76,268.38,231.07,323,1,47,154,360,344,643,748,1110,392,0,0,,,,,,,,
,,,,1,,,1,,1,,166,,global_NetincomeavailabletoCommonShareHolder,virtua_147491723922,,,2,,,8,Monetary,Duration,USD,$,Million,Net income available to Common ShareHolder, (96.91), (61.09), (38.92), (65.77), (262.69),4.09, (0.85), (25.16), (25.51), (47.43),38.76,229.62, (37.31), (51.44),323,1,46,107,206,360,344,299,105,362,1110,392, (96.91), (158.00), (196.92), (262.69),4.09,3.24, (21.92), (47.43),38.76,268.38,231.07,323,1,47,154,360,344,643,748,1110,392,0,0,,,,,,,,
,,,,1,,,1,,1,,161,,global_BasicEPS,virtua_147491723933,,,2,,,8,PerShare,Duration,USD,$,Actual,Basic EPS, (0.16), (0.10), (0.06), (0.10), (0.42),0.01,0, (0.04), (0.04), (0.07),0.06,0.34, (0.05), (0.07),0.47,0,0.06,0.15,0.28,0.5,0.47,0.4,0.14,0.47,1.48,0.51, (0.16), (0.26), (0.32), (0.42),0.01,0, (0.03), (0.07),0.06,0.4,0.34,0.47,0,0.07,0.22,0.5,0.47,0.87,1,1.48,0.51,0,0,,,,,,,,
,,,,1,,,1,,1,,162,,global_DilutedEPS,virtua_147491723944,,,2,,,8,PerShare,Duration,USD,$,Actual,Diluted EPS, (0.16), (0.10), (0.06), (0.10), (0.42),0.01,0, (0.04), (0.04), (0.07),0.06,0.33, (0.05), (0.07),0.46,0,0.06,0.14,0.28,0.49,0.46,0.39,0.13,0.46,1.43,0.49, (0.16), (0.26), (0.32), (0.42),0.01,0, (0.03), (0.07),0.06,0.39,0.33,0.46,0,0.06,0.21,0.49,0.46,0.84,0.97,1.43,0.49,0,0,,,,,,,,
,,,,1,,,,,,,1,,global_BalanceSheet,virtua_147491723961,,,1,,,8,Abstract,,,$,,Balance Sheet,,,,,,,,,,,,,,,,,,,,,,,,,,,,,,,,,,,,,,,,,,,,,,,,,,,,,,,,,
,,,4,1,,,1,,1,,7,,global_CurrentAssets,virtua_147491723973,,,1,,,8,Monetary,Instance,USD,$,Million,Current Assets,2039.38,2304.69,2439.16,3514.54,3514.54,2604.83,2916.79,2938.77,5731.32,5731.32,3774.67,3278,3001.55,5996.83,5996.83,5404.49,5811.34,5946.17,9584,9584,10151,6802,6870,10683,10683,10035,0,0,0,0,0,0,0,0,0,0,0,0,0,0,0,0,0,0,0,0,0,0,0,,,,,,,,
,,,,1,,,1,,1,,4,,global_TotalAssets,virtua_147491723983,,,1,,,8,Monetary,Instance,USD,$,Million,Total Assets,8641.34,9009.83,9412.66,10665.13,10665.13,10365.68,10793.98,10911.97,12762.92,12762.92,12817.27,14381.31,14387.67,17584.92,17584.92,17058.93,17418.8,17490.04,21984,21984,22963,25823,26588,30737,30737,33154,0,0,0,0,0,0,0,0,0,0,0,0,0,0,0,0,0,0,0,0,0,0,0,0,0,0,0,,,,
,,,11,1,,,1,,1,,13,,global_CurrentLiabilities,virtua_147491723993,,,1,,,8,Monetary,Instance,USD,$,Million,CurrentLiabilities,3359.95,3502.74,3308.35,4390.1,4390.1,3960.88,4112.99,3976.98,5617.01,5617.01,5085.1,5376.1,4975.53,7295.47,7295.47,7625.86,7526.19,7216.44,10067,10067,7895,8469,8022,11255,11255,10488,0,0,0,0,0,0,0,0,0,0,0,0,0,0,0,0,0,0,0,0,0,0,0,,,,,,,,
,,,5,1,,,1,,1,,11,,global_TotalLiabilities,virtua_1474917244,,,1,,,8,Monetary,Instance,USD,$,Million,Total Liabilities,5499.49,5703.08,5620.17,6689.94,6689.94,6130.48,6258.17,6162.01,7760.05,7760.05,7233.01,8248.74,7581.63,10084.8,10084.8,9124.44,8950.27,8649.87,11608,11608,11903,12295,11895,15132,15132,16708,0,0,0,0,0,0,0,0,0,0,0,0,0,0,0,0,0,0,0,0,0,0,0,0,0,0,0,0,0,,
,,,5,1,,,1,,1,,10,,global_StockholdersEquity,virtua_14749172414,,,1,,,8,Monetary,Instance,USD,$,Million,StockholdersEquity,3131.91,3300.57,3790.61,3975.18,3975.18,4235.2,4535.8,4749.95,5002.87,5002.87,5584.26,6132.58,6806.04,7500.13,7500.13,7934.49,8451.31,8829.37,10376,10376,11060,13528,14693,15605,15605,16446,0,0,0,0,0,0,0,0,0,0,0,0,0,0,0,0,0,0,0,0,0,0,0,,,,,,,,
,,,,1,,,1,,1,,5,,global_LiabilitiesStockholdersEquity,virtua_14749172424,,,1,,,8,Monetary,Instance,USD,$,Million,LiabilitiesStockholdersEquity,8641.34,9009.83,9412.66,10665.13,10665.13,10365.68,10793.98,10911.97,12762.92,12762.92,12817.27,14381.31,14387.67,17584.92,17584.92,17058.93,17418.8,17490.04,21984,21984,22963,25823,26588,30737,30737,33154,0,0,0,0,0,0,0,0,0,0,0,0,0,0,0,0,0,0,0,0,0,0,0,,,,,,,,
,,,,1,,,,,,,81,,global_CashFlow,virtua_14749172434,,,3,,,8,Abstract,,,$,,Cash Flow,,,,,,,,,,,,,,,,,,,,,,,,,,,,,,,,,,,,,,,,,,,,,,,,,,,,,,,,,
,,,83,1,,,1,,1,,88,,global_CashFlowfromOperatingActivities,virtua_14749172447,,,3,,,8,Monetary,Duration,USD,$,Million,Cash Flow from Operating Activities,473.09,245.89,122.51,332.22,1181.44,735.08,304.28,162.51,470.21,1672.08,1051.06,250.68,154.31,705.95,2162,1230,331,125,1052,2738,1466,458,143,1331,3398,1965,473.09,718.98,841.49,1181.44,735.08,1039.36,1201.87,1672.08,1051.06,1301.74,1456.05,2162,1230,1561,1686,2738,1466,1924,2067,3398,1965,0,0,,,,,,,,
,,,83,1,,,1,,1,,89,,global_CashFlowFromInvestingActivities,virtua_14749172457,,,3,,,8,Monetary,Duration,USD,$,Million,Cash Flow From Investing Activities, (210.37), (286.48), (56.27), (145.25), (698.36), (536.12), (233.78), (112.75), (605.23)," (1,487.88)", (450.28)," (1,542.43)", (193.78), (497.51)," (2,684.00)", (768.00), (524.00), (135.00), (584.00)," (2,011.00)",276," (4,661.00)", (545.00), (378.00)," (5,308.00)", (726.00), (210.37), (496.85), (553.11), (698.36), (536.12), (769.90), (882.65)," (1,487.88)", (450.28)," (1,992.71)"," (2,186.49)"," (2,684.00)", (768.00)," (1,292.00)"," (1,427.00)"," (2,011.00)",276," (4,385.00)"," (4,930.00)"," (5,308.00)", (726.00),0,0,0,,,,,,,
,,,83,1,,,1,,1,,90,,global_CashFlowfromFinancingActivities,virtua_14749172467,,,3,,,8,Monetary,Duration,USD,$,Million,Cash Flow from Financing Activities, (219.15), (6.92),19.89, (104.31), (318.21), (161.81),73.73,87.07,74.17,73.15,39.17,616.63,81.85,260.35,998, (49.00),117,134,19,221,1625,589,182, (386.00),2010,207, (219.15), (226.07), (206.18), (318.21), (161.81), (88.09), (1.01),73.15,39.17,655.81,737.66,998, (49.00),68,202,221,1625,2214,2396,2010,207,0,0,,,,,,,,
,,,82,1,,,1,,1,,83,,global_NetIncreaseDecreaseCashCashEquivalents,virtua_14749172477,,,3,,,8,Monetary,Duration,USD,$,Million,NetIncreaseDecreaseCashCashEquivalents,46.26, (53.17),71.6,61.79,126.48,33.84,147.4,133.97, (64.96),250.25,640.72, (683.86),30.51,461.63,449,418, (76.00),123,471,936,3379," (3,603.00)", (214.00),564,126,1441,46.26, (6.91),64.69,126.48,33.84,181.23,315.2,250.25,640.72, (43.14), (12.63),449,418,342,465,936,3379, (224.00), (438.00),126,1441,0,0,,,,,,,,
,,,,1,,,1,,1,,82,,global_CashAtEndOfPeriod,virtua_14749172487,,,3,,,8,Monetary,Instance,USD,$,Million,CashAtEndOfPeriod,827.89,774.73,846.33,908.12,908.12,941.96,1089.35,1223.32,1158.36,1158.36,1799.08,1115.23,1145.74,1607.36,1607,2025,1949,2072,2543,2543,5922,2319,2329,2893,2669,4110,827.89,774.73,846.33,908.12,941.96,1089.35,1223.32,1158.36,1799.08,1115.23,1145.74,1607,2025,1949,2072,2543,5922,2319,2105,2669,4110,0,0,,,,,,,,
,,,,1,,,,,,,,,,virtua_14749172497,,,,,,19,,,,,,,,,,,,,,,,,,,,,,,,,,,,,,,,,,,,,,,,,,,,,,,,,,,,,,,,,,,,,,,
,,,,1,,,,,,,,,,virtua_147491724107,,,,,,19,Abstract,,,,,Check Lines,,,,,,,,,,,,,,,,,,,,,,,,,,,,,,,,,,,,,,,,,,,,,,,,,,,,,,,,,
,,,,1,,,,,,,160,,global_IncomeStatement,virtua_147491724117,,,2,,,19,Abstract,,,$,,Income Statement,,,,,,,,,,,,,,,,,,,,,,,,,,,,,,,,,,,,,,,,,,,,,,,,,,,,,,,,,
,,,,1,,,,,1,,175,,global_GrossProfit,virtua_147491724131,,,2,,,19,Monetary,Duration,USD,$,Million,Gross Profit, -   , -   , -   , -   , -   , -   , -   , -   , -   , -   , -   , -   , -   , -   , -   , -   , -   , -   , -   , -   , -   , -   , -   , -   , -   , -   , -   , -   , -   , -   , -   , -   , -   , -   , -   , -   , -   , -   , -   , -   , -   , -   , -   , -   , -   , -   , -   , -   , -   ,,,,,,,,
,,,,1,,,,,1,,169,,global_OperatingExpenses,virtua_147491724141,,,2,,,19,Monetary,Duration,USD,$,Million,Operating Expenses, -   , -   , -   , -   , -   , -   , -   , -   , -   , -   , -   , -   , -   , -   , -   , -   , -   , -   , -   , -   , -   , -   , -   , -   , -   , -   , -   , -   , -   , -   , -   , -   , -   , -   , -   , -   , -   , -   , -   , -   , -   , -   , -   , -   , -   , -   , -   , -   , -   ,,,,,,,,
,,,,1,,,,,1,,170,,global_OperatingIncome,virtua_147491724151,,,2,,,19,Monetary,Duration,USD,$,Million,Operating Income, -   , -   , (0.00), -   , -   , (0.00), -   ,0, -   ,0, -   ,0,0, -   , -   , -   , -   , -   , -   , -   , -   , -   , -   , -   , -   , -   , -   , -   ,0, -   , (0.00), -   , -   ,0, -   , -   , (0.00), -   , -   , -   , -   , -   , -   , -   , -   , -   , -   , -   , -   ,,,,,,,,
,,,,1,,,,,1,,168,,global_IncomeBeforeIncomeTaxes,virtua_147491724162,,,2,,,19,Monetary,Duration,USD,$,Million,Income Before Income Taxes, -   , -   , (0.00), -   , -   , (0.00),0,0, (0.00),0, -   ,0,0, -   , -   , -   , -   , -   , -   , -   , -   , -   , -   , -   , -   , -   , -   , -   , -   , -   , (0.00), -   ,0,0, -   , -   , (0.00), -   , -   , -   , -   , -   , -   , -   , -   , -   , -   , -   , -   ,,,,,,,,
,,,,1,,,,,1,,167,,global_NetIncomefromContinuingOperations,virtua_147491724172,,,2,,,19,Monetary,Duration,USD,$,Million,Net Income from Continuing Operations, -   , -   , (0.00), -   , -   , (0.00),0,0, -   ,0, -   , -   , -   , -   , -   , -   , -   , -   , -   , -   , -   , -   , -   , -   , -   , -   , -   , -   , -   , -   , (0.00),0,0,0, -   , -   , -   , -   , -   , -   , -   , -   , -   , -   , -   , -   , -   , (49.60), (13.98),,,,,,,,
,,,,1,,,,,1,,166,,global_NetincomeavailabletoCommonShareHolder,virtua_147491724182,,,2,,,19,Monetary,Duration,USD,$,Million,Net income available to Common ShareHolder, -   , -   , (0.00), -   , -   , (0.00),0,0, -   ,0, -   , -   , -   , -   , -   , -   , -   , -   , -   , -   , -   , -   , -   , -   , -   , -   , -   , -   , -   , -   , (0.00),0,0,0, -   , -   , -   , -   , -   , -   , -   , -   , -   , -   , -   , -   , -   , (49.60), (13.98),,,,,,,,
,,,,1,,,,,1,,161,,global_BasicEPS,virtua_147491724192,,,2,,,19,PerShare,Duration,USD,$,Actual,Basic EPS,0,0, (0.00), (0.00), (0.00), (0.00), (0.00),0,0, (0.00), (0.00), (0.00), (0.00), (0.00), (0.00),0,0, (0.00),0,0,0,0, (0.00),0, (0.00), (0.00),0,0,0, (0.00), (0.00),0, (0.00), (0.00), (0.00), (0.00), (0.00), (0.00),0, (0.00), (0.00),0,0,0,0, (0.00), (0.00),#DIV/0!,#DIV/0!,,,,,,,,
,,,,1,,,,,1,,162,,global_DilutedEPS,virtua_147491724202,,,2,,,19,PerShare,Duration,USD,$,Actual,Diluted EPS,0,0, (0.00), (0.00), (0.00), (0.00), (0.00),0,0, (0.00), (0.00), (0.00), (0.00), (0.00),0,0,0,0, (0.00), (0.00), (0.00), (0.00),0,0,0,0,0,0,0, (0.00), (0.00),0, (0.00), (0.00), (0.00), (0.00),0,0,0,0,0, (0.00), (0.00),0, (0.00),0,0,#DIV/0!,#DIV/0!,,,,,,,,
,,,,1,,,,,,,1,,global_BalanceSheet,virtua_147491724213,,,1,,,19,Abstract,,,$,,Balance Sheet,,,,,,,,,,,,,,,,,,,,,,,,,,,,,,,,,,,,,,,,,,,,,,,,,,,,,,,,,
,,,4,1,,,,,1,,7,,global_CurrentAssets,virtua_147491724226,,,1,,,19,Monetary,Instance,USD,$,Million,Current Assets, -   , -   , -   , -   , -   , -   , -   , -   , -   , -   , -   , -   , -   , -   , -   , -   , -   , -   , -   , -   , -   , -   , -   , -   , -   , -   , -   , -   , -   , -   , -   , -   , -   , -   , -   , -   , -   , -   , -   , -   , -   , -   , -   , -   , -   , -   , -   , -   , -   ,,,,,,,,
,,,,1,,,,,1,,4,,global_TotalAssets,virtua_147491724236,,,1,,,19,Monetary,Instance,USD,$,Million,Total Assets, -   , -   , -   , -   , -   , -   , -   , -   , -   , -   , -   , -   , -   , -   , -   , -   , -   , -   , -   , -   , -   , -   , -   , -   , -   , -   , -   , -   , -   , -   , -   , -   , -   , -   , -   , -   , -   , -   , -   , -   , -   , -   , -   , -   , -   , -   , -   , -   , -   ,,,,,,,,
,,,11,1,,,,,1,,13,,global_CurrentLiabilities,virtua_147491724247,,,1,,,19,Monetary,Instance,USD,$,Million,CurrentLiabilities, -   , -   , -   , -   , -   , -   , -   , -   , -   , -   , -   , -   , -   , -   , -   , -   , -   , -   , -   , -   , -   , -   , -   , -   , -   , -   , -   , -   , -   , -   , -   , -   , -   , -   , -   , -   , -   , -   , -   , -   , -   , -   , -   , -   , -   , -   , -   , -   , -   ,,,,,,,,
,,,5,1,,,,,1,,11,,global_TotalLiabilities,virtua_147491724257,,,1,,,19,Monetary,Instance,USD,$,Million,Total Liabilities, -   , -   , -   , -   , -   , -   , -   , -   , -   , -   , -   , -   , -   , -   , -   , -   , -   , -   , -   , -   , -   , -   , -   , -   , -   , -   , -   , -   , -   , -   , -   , -   , -   , -   , -   , -   , -   , -   , -   , -   , -   , -   , -   , -   , -   , -   , -   , -   , -   ,,,,,,,,
,,,5,1,,,,,1,,10,,global_StockholdersEquity,virtua_147491724267,,,1,,,19,Monetary,Instance,USD,$,Million,StockholdersEquity, -   , -   , -   , -   , -   , -   , -   , -   , -   , -   , -   , -   , -   , -   , -   , -   , -   , -   , -   , -   , -   , -   , -   , -   , -   , -   , -   , -   , -   , -   , -   , -   , -   , -   , -   , -   , -   , -   , -   , -   , -   , -   , -   , -   , -   , -   , -   , -   , -   ,,,,,,,,
,,,,1,,,,,1,,5,,global_LiabilitiesStockholdersEquity,virtua_147491724277,,,1,,,19,Monetary,Instance,USD,$,Million,LiabilitiesStockholdersEquity, -   , -   , -   , -   , -   , -   , -   , -   , -   , -   , -   , -   , -   , -   , -   , -   , -   , -   , -   , -   , -   , -   , -   , -   , -   , -   , -   , -   , -   , -   , -   , -   , -   , -   , -   , -   , -   , -   , -   , -   , -   , -   , -   , -   , -   , -   , -   , -   , -   ,,,,,,,,
,,,,1,,,,,,,81,,global_CashFlow,virtua_147491724287,,,3,,,19,Abstract,,,$,,Cash Flow,,,,,,,,,,,,,,,,,,,,,,,,,,,,,,,,,,,,,,,,,,,,,,,,,,,,,,,,,
,,,83,1,,,,,1,,88,,global_CashFlowfromOperatingActivities,virtua_147491724300,,,3,,,19,Monetary,Duration,USD,$,Million,Cash Flow from Operating Activities, -   , -   , -   , -   , -   , -   , -   , -   , -   , -   , -   , -   , -   , -   , -   , -   , -   ,, -   , -   , -   , -   , -   , -   , -   , -   , -   , -   , -   , -   , -   , -   , -   , -   , -   , -   , -   , -   , -   , -   , -   , -   , -   , -   , -   , -   , -   , -   , -   ,,,,,,,,
,,,83,1,,,,,1,,89,,global_CashFlowFromInvestingActivities,virtua_147491724310,,,3,,,19,Monetary,Duration,USD,$,Million,Cash Flow From Investing Activities, -   , -   , -   , -   , -   , -   , -   , -   , -   , -   , -   , -   , -   , -   , -   , -   , -   , -   , -   , -   , -   , -   , -   , -   , -   , -   , -   , -   , -   , -   , -   , -   , -   , -   , -   , -   , -   , -   , -   , -   , -   , -   , -   , -   , -   , -   , -   , -   , -   ,,,,,,,,
,,,83,1,,,,,1,,90,,global_CashFlowfromFinancingActivities,virtua_147491724320,,,3,,,19,Monetary,Duration,USD,$,Million,Cash Flow from Financing Activities, -   , -   , -   , -   , -   , -   , -   , -   , -   , -   , -   , -   , -   , -   , -   , -   , -   , -   , -   , -   , -   , -   , -   , -   , -   , -   , -   , -   , -   , -   , -   , -   , (0.00), -   , -   , -   , -   , -   , -   , -   , -   , -   , -   , -   , -   , -   , -   , -   , -   ,,,,,,,,
,,,82,1,,,,,1,,83,,global_NetIncreaseDecreaseCashCashEquivalents,virtua_147491724331,,,3,,,19,Monetary,Duration,USD,$,Million,NetIncreaseDecreaseCashCashEquivalents, -   , -   , -   , -   , -   , -   , -   , -   ,0, -   , -   , -   , -   , -   , -   , -   , -   ,, -   , -   , -   , -   , -   , -   , -   , -   , -   , -   , -   , -   , -   , -   , -   , -   , -   , (0.00), -   , -   , -   , -   , -   , -   , -   , -   , -   , -   , -   , -   , -   ,,,,,,,,
,,,,1,,,,,1,,82,,global_CashAtEndOfPeriod,virtua_147491724341,,,3,,,19,Monetary,Instance,USD,$,Million,CashAtEndOfPeriod, -   , -   , -   , -   , -   , -   , -   , -   , -   , -   , -   , -   , -   , -   , -   , -   , -   ,, -   , -   , -   , -   , -   , -   , -   , -   , -   , -   , -   , -   , -   , -   , -   , -   , -   , -   , -   , -   , -   , -   , -   , -   , -   , -   , -   , -   , -   , -   , -   ,,,,,,,,
